all_awardings,associated_award,author,author_flair_background_color,author_flair_css_class,author_flair_richtext,author_flair_template_id,author_flair_text,author_flair_text_color,author_flair_type,author_fullname,author_patreon_flair,author_premium,awarders,body,collapsed_because_crowd_control,comment_type,created_utc,gildings,id,is_submitter,link_id,locked,no_follow,parent_id,permalink,retrieved_on,score,send_replies,stickied,subreddit,subreddit_id,top_awarded_type,total_awards_received,treatment_tags,author_cakeday
[],,Alan_Gregory12,,,[],,,,text,t2_3s8jw28n,False,False,[],Yes it's located in Idaho,,,1620054446,{},gwsgxxm,True,t3_n3w4lp,False,False,t1_gwseh5g,/r/AMA/comments/n3w4lp/ive_lived_in_a_hotel_since_i_was_eight_am_now_20/gwsgxxm/,1620084912,1,True,False,AMA,t5_2r4eo,,0,[],
[],,AutisticNymphomaniac,,,[],,,,text,t2_9oddf887,False,False,[],"Time has proven to only worsen my condition, but my doctor and therapist are working something out, so hopefully it will :)",,,1620054446,{},gwsgxup,True,t3_n3nlgv,False,True,t1_gwsgmfh,/r/AMA/comments/n3nlgv/im_a_diagnosed_satyromaniac_ama/gwsgxup/,1620084910,2,True,False,AMA,t5_2r4eo,,0,[],
[],,AutisticNymphomaniac,,,[],,,,text,t2_9oddf887,False,False,[],"My sister's an asexual, I used to have a girl friend earlier who came out as asexual, I was kinda crushing on her at the time so that slowly broke the connection",,,1620054387,{},gwsgski,True,t3_n3nlgv,False,False,t1_gwsghx7,/r/AMA/comments/n3nlgv/im_a_diagnosed_satyromaniac_ama/gwsgski/,1620084831,5,True,False,AMA,t5_2r4eo,,0,[],
[],,Codebreaker10101,,,[],,,,text,t2_46im3e13,False,False,[],It‚Äôs been 2 hours,,,1620054337,{},gwsgogm,False,t3_n3uy0v,False,True,t1_gws0lvv,/r/AMA/comments/n3uy0v/i_am_married_to_my_step_brother_ama/gwsgogm/,1620084767,29,True,False,AMA,t5_2r4eo,,0,[],
[],,DaNASCARMem,,,[],,,,text,t2_3vhk41xb,False,False,[],Did you ever post it on r/entitledparents? I think the Youtuber Rslash covered your story,,,1620054328,{},gwsgnpu,False,t3_n3uy0v,False,True,t3_n3uy0v,/r/AMA/comments/n3uy0v/i_am_married_to_my_step_brother_ama/gwsgnpu/,1620084755,-4,True,False,AMA,t5_2r4eo,,0,[],
[],,ZoneFan666,,,[],,,,text,t2_5142dbf4,False,False,[],"Maybe, but after some Googling I can't find any info about them being sold here.

Edit: also the supply is really limited anyway.",,,1620054313,{},gwsgmgu,True,t3_n3y5sg,False,True,t1_gwsg40m,/r/AMA/comments/n3y5sg/currently_got_corona_virus_ama/gwsgmgu/,1620084736,1,True,False,AMA,t5_2r4eo,,0,[],
[],,Lapin-Rebel,,,[],,,,text,t2_4j0edevn,False,False,[],Well I hope it gets better with time for you ^-^,,,1620054312,{},gwsgmfh,False,t3_n3nlgv,False,False,t1_gwsgd2t,/r/AMA/comments/n3nlgv/im_a_diagnosed_satyromaniac_ama/gwsgmfh/,1620084735,3,True,False,AMA,t5_2r4eo,,0,[],
[],,4gbRAMisstupid,,,[],,,,text,t2_appcmrb2,False,False,[],You can't buy it in most places,,,1620054279,{},gwsgjml,False,t3_n3y5sg,False,True,t1_gwsg40m,/r/AMA/comments/n3y5sg/currently_got_corona_virus_ama/gwsgjml/,1620084692,1,True,False,AMA,t5_2r4eo,,0,[],
[],,DotYourReddit,,,[],,,,text,t2_32dpod3i,False,False,[],"1.) Yes, unfortunately. I have even faced moments where White kids living in the same neighborhood as me have said racial slurs around me, forgetting that I was present. Really hurtful. My high school, which is in a rich district, was also a topic of major controversy a couple of years ago because of racist incidents against students of color. It really just goes to show that it literally doesn't matter how successful you, your peers, or your family turn out to be...to some people, as long as you've got melanin, you're still just a n\*gger.

2.) It has its cool moments, for sure! I use to take them for granted because it was all I ever knew, but I'm learning to be more appreciative for my blessings. My family and I take trips very often and I have a lot of privileges that I wasn't even aware of until I became a broke college student and realized that most people's lives aren't characterized by yacht rides and golf courses!",,,1620054262,{},gwsgi94,True,t3_n3xutc,False,True,t1_gwsey8h,/r/AMA/comments/n3xutc/i_am_a_black_person_who_has_been_raised_around/gwsgi94/,1620084671,3,True,False,AMA,t5_2r4eo,,0,[],
[],,kiza_key,,,[],,,,text,t2_3q575gpp,False,False,[],Do you have any asexual friends or acquaintances?,,,1620054258,{},gwsghx7,False,t3_n3nlgv,False,False,t3_n3nlgv,/r/AMA/comments/n3nlgv/im_a_diagnosed_satyromaniac_ama/gwsghx7/,1620084665,5,True,False,AMA,t5_2r4eo,,0,[],
[],,MaggieLad,,,[],,,,text,t2_9tombos1,False,False,[],"I have a decent thirst for adventure, but I'd never do something like that.",,,1620054251,{},gwsghee,True,t3_n3i9a0,False,True,t1_gwsgc9n,/r/AMA/comments/n3i9a0/ama_and_i_will_be_100_percent_honest_no_matter/gwsghee/,1620084657,3,True,False,AMA,t5_2r4eo,,0,[],
[],,galobglogabgolab,,,[],,,,text,t2_8gfvd7yh,False,False,[],America as in the USA,,,1620054237,{},gwsgg8z,True,t3_n3y7ia,False,True,t1_gwsgcsq,/r/AMA/comments/n3y7ia/i_am_american_ama/gwsgg8z/,1620084640,1,True,False,AMA,t5_2r4eo,,0,[],
[],,ocyries,,,[],,,,text,t2_6iwbc,False,False,[],People are weird. I don't get why someone would ask you to do that...,,,1620054221,{},gwsgey7,False,t3_n3u8o0,False,False,t1_gwsfmv5,/r/AMA/comments/n3u8o0/im_a_top_5_onlyfans_model_ama/gwsgey7/,1620084618,1,True,False,AMA,t5_2r4eo,,0,[],
[],,AutisticNymphomaniac,,,[],,,,text,t2_9oddf887,False,False,[],Yes lad!,,,1620054215,{},gwsgehm,True,t3_n3nlgv,False,False,t1_gwsfop0,/r/AMA/comments/n3nlgv/im_a_diagnosed_satyromaniac_ama/gwsgehm/,1620084611,4,True,False,AMA,t5_2r4eo,,0,[],
[],,LivinVidas,,,[],,,,text,t2_5dmxhm8l,False,False,[],Not an incel I've had relationships before. And some sexual.,,,1620054201,{},gwsgdfm,True,t3_n3uzp0,False,True,t1_gws8fdz,/r/AMA/comments/n3uzp0/i_22m_have_given_up_on_finding_an_so_ama/gwsgdfm/,1620084595,1,True,False,AMA,t5_2r4eo,,0,[],
[],,AutisticNymphomaniac,,,[],,,,text,t2_9oddf887,False,False,[],"Appreciate your sympathy, but I get through it somehow :)",,,1620054197,{},gwsgd2t,True,t3_n3nlgv,False,True,t1_gwsfgaf,/r/AMA/comments/n3nlgv/im_a_diagnosed_satyromaniac_ama/gwsgd2t/,1620084589,3,True,False,AMA,t5_2r4eo,,0,[],
[],,TreeJuice2,,,[],,,,text,t2_a6yx12y6,False,False,[],6 months ago,,,1620054194,{},gwsgcw2,True,t3_n3be0g,False,True,t1_gwqt27k,/r/AMA/comments/n3be0g/i_am_part_of_a_did_system_ask_us_anything/gwsgcw2/,1620084586,1,True,False,AMA,t5_2r4eo,,0,[],
[],,SerMercutio,,,[],,,,text,t2_6qjadupz,False,True,[],North or South American?,,,1620054193,{},gwsgcsq,False,t3_n3y7ia,False,True,t3_n3y7ia,/r/AMA/comments/n3y7ia/i_am_american_ama/gwsgcsq/,1620084585,0,True,False,AMA,t5_2r4eo,,0,[],
[],,Yeahmahbah,,,[],,,,text,t2_5mm2xl7u,False,False,[],Where's your sense of adventure?,,,1620054187,{},gwsgc9n,False,t3_n3i9a0,False,False,t1_gws3beh,/r/AMA/comments/n3i9a0/ama_and_i_will_be_100_percent_honest_no_matter/gwsgc9n/,1620084576,3,True,False,AMA,t5_2r4eo,,0,[],
[],,artistmystic112,,,[],,,,text,t2_1g5krhm0,False,False,[],"I wish I had this experience. Marxist lenses and theories are brought about as viable lenses to look through in the case of some of the art history classes I have taken. 

In middle/high school it was brushed over and not really talked about in history. Just general history approach was what it was lumped into.",,,1620054177,{},gwsgbkr,True,t3_n3vvs4,False,False,t1_gwseck7,/r/AMA/comments/n3vvs4/i_am_a_romanian_communist_refugee_that_moved_to/gwsgbkr/,1620084566,23,True,False,AMA,t5_2r4eo,,0,[],
[],,highgravityday2121,,,[],,,,text,t2_15p9ij,False,False,[],How many stuck/ stepbrother jokes do you get now?,,,1620054158,{},gwsga2o,False,t3_n3uy0v,False,True,t3_n3uy0v,/r/AMA/comments/n3uy0v/i_am_married_to_my_step_brother_ama/gwsga2o/,1620084543,3,True,False,AMA,t5_2r4eo,,0,[],
[],,SirLeafIsAlwaysTaken,,,[],,,,text,t2_a1kbodfy,False,False,[],"What is?

Gotta specify.",,,1620054158,{},gwsga1s,False,t3_n3uy0v,False,True,t1_gwsesaz,/r/AMA/comments/n3uy0v/i_am_married_to_my_step_brother_ama/gwsga1s/,1620084543,7,True,False,AMA,t5_2r4eo,,0,[],
[],,SplendidGod,,,[],,,,text,t2_3o59vr54,False,False,[],Do you get offended when people unironically support communism? What about socialism?,,,1620054110,{},gwsg65o,False,t3_n3vvs4,False,False,t3_n3vvs4,/r/AMA/comments/n3vvs4/i_am_a_romanian_communist_refugee_that_moved_to/gwsg65o/,1620084481,20,True,False,AMA,t5_2r4eo,,0,[],
[],,Thatonedumbguitarist,,,[],,,,text,t2_bht0lvpl,False,False,[],lmfao thats wonderful,,,1620054093,{},gwsg4sp,True,t3_n3wj6u,False,True,t1_gwsfw3y,/r/AMA/comments/n3wj6u/im_a_fan_of_punk_rock_and_im_in_a_band_ama/gwsg4sp/,1620084460,1,True,False,AMA,t5_2r4eo,,0,[],
[],,Christian695,,,[],,,,text,t2_4d2g0io0,False,False,[],Pretty much,,,1620054090,{},gwsg4kd,True,t3_n3xpic,False,True,t1_gwsg2fq,/r/AMA/comments/n3xpic/get_advice_from_a_15_year_old_ama/gwsg4kd/,1620084457,1,True,False,AMA,t5_2r4eo,,0,[],
[],,secterianommelet,,,[],,,,text,t2_50w7hvk5,False,False,[],can't you buy it?,,,1620054083,{},gwsg40m,False,t3_n3y5sg,False,True,t1_gwsfuc0,/r/AMA/comments/n3y5sg/currently_got_corona_virus_ama/gwsg40m/,1620084449,1,True,False,AMA,t5_2r4eo,,0,[],
[],,jasir36795,,,[],,,,text,t2_bwhku6x4,False,False,[],I do. I have a mirror. I am genetically inferior and utter subhuman. Free and easy euthanasia when?,,,1620054067,{},gwsg2q0,True,t3_n3kbep,False,True,t1_gwqtmjv,/r/AMA/comments/n3kbep/i_am_an_incel_ask_me_anything/gwsg2q0/,1620084429,1,True,False,AMA,t5_2r4eo,,0,[],
[],,secterianommelet,,,[],,,,text,t2_50w7hvk5,False,False,[],so you're the uncool kid. Got it,,,1620054064,{},gwsg2fq,False,t3_n3xpic,False,False,t1_gwsfyez,/r/AMA/comments/n3xpic/get_advice_from_a_15_year_old_ama/gwsg2fq/,1620084425,5,True,False,AMA,t5_2r4eo,,0,[],
[],,jasir36795,,,[],,,,text,t2_bwhku6x4,False,False,[],Kissless virgin loser. Probably the guy you bullied in high school or work.,,,1620054020,{},gwsfyz3,True,t3_n3kbep,False,True,t1_gwqskr8,/r/AMA/comments/n3kbep/i_am_an_incel_ask_me_anything/gwsfyz3/,1620084370,1,True,False,AMA,t5_2r4eo,,0,[],
[],,4gbRAMisstupid,,,[],,,,text,t2_appcmrb2,False,False,[],Wow by why,,,1620054017,{},gwsfypc,False,t3_n3y7ia,False,True,t1_gwsfwzc,/r/AMA/comments/n3y7ia/i_am_american_ama/gwsfypc/,1620084366,1,True,False,AMA,t5_2r4eo,,0,[],
[],,artistmystic112,,,[],,,,text,t2_1g5krhm0,False,False,[],"Since we were not citizens of Germany and the Eastern bloc was really volatile they limited how many people could stay. We didn't make the cut. Repeating hidtory of migrants from central and south america crossing the border into the US.

In a way Eastern europeans were the undesireables",,,1620054016,{},gwsfyma,True,t3_n3vvs4,False,False,t1_gwsfdxg,/r/AMA/comments/n3vvs4/i_am_a_romanian_communist_refugee_that_moved_to/gwsfyma/,1620084365,20,True,False,AMA,t5_2r4eo,,0,[],
[],,Christian695,,,[],,,,text,t2_4d2g0io0,False,False,[],"I don't like it, but I'm good at it",,,1620054013,{},gwsfyez,True,t3_n3xpic,False,True,t1_gwsftrg,/r/AMA/comments/n3xpic/get_advice_from_a_15_year_old_ama/gwsfyez/,1620084361,1,True,False,AMA,t5_2r4eo,,0,[],
[],,LivinVidas,,,[],,,,text,t2_5dmxhm8l,False,False,[],I'm not an incel,,,1620054009,{},gwsfy44,True,t3_n3uzp0,False,True,t1_gwsbu32,/r/AMA/comments/n3uzp0/i_22m_have_given_up_on_finding_an_so_ama/gwsfy44/,1620084357,1,True,False,AMA,t5_2r4eo,,0,[],
[],,yalarual,,,[],,,,text,t2_8umsh,False,False,[],"You're 22, you should only be just starting. Your early 20s are all about figuring out who you are as a person and when you do it is much easier to find someone that matches that.",,,1620053998,{},gwsfx6b,False,t3_n3uzp0,False,True,t3_n3uzp0,/r/AMA/comments/n3uzp0/i_22m_have_given_up_on_finding_an_so_ama/gwsfx6b/,1620084342,3,True,False,AMA,t5_2r4eo,,0,[],
[],,galobglogabgolab,,,[],,,,text,t2_8gfvd7yh,False,False,[],Because I was born there.,,,1620053996,{},gwsfwzc,True,t3_n3y7ia,False,True,t1_gwsftdl,/r/AMA/comments/n3y7ia/i_am_american_ama/gwsfwzc/,1620084339,1,True,False,AMA,t5_2r4eo,,0,[],
[],,jasir36795,,,[],,,,text,t2_bwhku6x4,False,False,[],Fuckin NPCs. How could anyone like them? Predictable as fuck unsentient beings.,,,1620053991,{},gwsfwm1,True,t3_n3kbep,False,True,t1_gwqqf1c,/r/AMA/comments/n3kbep/i_am_an_incel_ask_me_anything/gwsfwm1/,1620084334,2,True,False,AMA,t5_2r4eo,,0,[],
[],,skateslowsucktoes,,,[],,,,text,t2_6an6t58v,False,False,[],"Oh I was gonna say...

ONE! TWO! THREE! FOUR!",,,1620053985,{},gwsfw3y,False,t3_n3wj6u,False,True,t1_gwsfmu9,/r/AMA/comments/n3wj6u/im_a_fan_of_punk_rock_and_im_in_a_band_ama/gwsfw3y/,1620084326,3,True,False,AMA,t5_2r4eo,,0,[],
[],,ZoneFan666,,,[],,,,text,t2_5142dbf4,False,False,[],"Pretty hard to get one in Bosnia atm, you either need to be employed by the state or have connections.",,,1620053962,{},gwsfuc0,True,t3_n3y5sg,False,True,t1_gwsfqij,/r/AMA/comments/n3y5sg/currently_got_corona_virus_ama/gwsfuc0/,1620084297,1,True,False,AMA,t5_2r4eo,,0,[],
[],,secterianommelet,,,[],,,,text,t2_50w7hvk5,False,False,[],do you like math,,,1620053955,{},gwsftrg,False,t3_n3xpic,False,True,t3_n3xpic,/r/AMA/comments/n3xpic/get_advice_from_a_15_year_old_ama/gwsftrg/,1620084287,1,True,False,AMA,t5_2r4eo,,0,[],
[],,snavsnavsnav,,,[],,,,text,t2_8dchjgm3,False,False,[],LOL. Responsible people. You should have tried working smarter instead of harder chief,,,1620053953,{},gwsftka,False,t3_n1yugl,False,True,t1_gwsb6s0,/r/AMA/comments/n1yugl/today_i_made_the_final_mortgage_payment_on_my/gwsftka/,1620084284,0,True,False,AMA,t5_2r4eo,,0,[],
[],,4gbRAMisstupid,,,[],,,,text,t2_appcmrb2,False,False,[],Why?,,,1620053950,{},gwsftdl,False,t3_n3y7ia,False,True,t3_n3y7ia,/r/AMA/comments/n3y7ia/i_am_american_ama/gwsftdl/,1620084281,1,True,False,AMA,t5_2r4eo,,0,[],
[],,secterianommelet,,,[],,,,text,t2_50w7hvk5,False,False,[],Weren't they racist?,,,1620053936,{},gwsfs8i,False,t3_n3xutc,False,True,t3_n3xutc,/r/AMA/comments/n3xutc/i_am_a_black_person_who_has_been_raised_around/gwsfs8i/,1620084262,1,True,False,AMA,t5_2r4eo,,0,[],
[],,UnderScoreLifeAlert,,,[],,,,text,t2_5ltkgk1h,False,False,[],Proof that us education sucks ass.,,,1620053921,{},gwsfqwz,False,t3_n3p5au,False,True,t1_gwr3jsu,/r/AMA/comments/n3p5au/i_am_from_denmark_a_country_where_we_pay_high/gwsfqwz/,1620084241,3,True,False,AMA,t5_2r4eo,,0,[],
[],,secterianommelet,,,[],,,,text,t2_50w7hvk5,False,False,[],why didn't you get the vacine?,,,1620053916,{},gwsfqij,False,t3_n3y5sg,False,True,t3_n3y5sg,/r/AMA/comments/n3y5sg/currently_got_corona_virus_ama/gwsfqij/,1620084234,1,True,False,AMA,t5_2r4eo,,0,[],
[],,baldheadlicker,,,[],,,,text,t2_7im94a1b,False,False,[],Ah yes. A brother.,,,1620053892,{},gwsfop0,False,t3_n3nlgv,False,False,t1_gwseleg,/r/AMA/comments/n3nlgv/im_a_diagnosed_satyromaniac_ama/gwsfop0/,1620084205,4,True,False,AMA,t5_2r4eo,,0,[],
[],,IndIka123,,,[],,,,text,t2_3k3qt,False,False,[],I can only get so hard on a Monday reddit.,,,1620053889,{},gwsfoev,False,t3_n3uy0v,False,True,t3_n3uy0v,/r/AMA/comments/n3uy0v/i_am_married_to_my_step_brother_ama/gwsfoev/,1620084199,3,True,False,AMA,t5_2r4eo,,0,[],
[],,currrvyCat,,,[],,,,text,t2_bpxnah6u,False,True,[],Guy asked me to poo in the bus for 3k$. And no I didn't,,,1620053870,{},gwsfmv5,True,t3_n3u8o0,False,True,t1_gwsdaix,/r/AMA/comments/n3u8o0/im_a_top_5_onlyfans_model_ama/gwsfmv5/,1620084175,1,True,False,AMA,t5_2r4eo,,0,[],
[],,Thatonedumbguitarist,,,[],,,,text,t2_bht0lvpl,False,False,[],one to do it and 1000000 to tell you how they wouldve argued about green day not being punk? lmao (I love green day I just had to throw a dig at them),,,1620053870,{},gwsfmu9,True,t3_n3wj6u,False,True,t1_gwsfgb4,/r/AMA/comments/n3wj6u/im_a_fan_of_punk_rock_and_im_in_a_band_ama/gwsfmu9/,1620084175,1,True,False,AMA,t5_2r4eo,,0,[],
[],,[deleted],,,,,,dark,,,,,[],[deleted],,,1620053865,{},gwsfmi1,False,t3_n3nlgv,False,True,t3_n3nlgv,/r/AMA/comments/n3nlgv/im_a_diagnosed_satyromaniac_ama/gwsfmi1/,1620084169,1,True,False,AMA,t5_2r4eo,,0,[],
[],,loztriforce,,,[],,,,text,t2_cvo3m,False,True,[],"Have you seen the studies being done about micro dosing shrooms and/or them being used for depression?  
I don‚Äôt believe shrooms are for everyone, but if taken responsibly/in the right setting can be miraculous.  
I had one night that wiped my depression off the map. I hope you‚Äôre able to achieve that same feeling of relief I had, having had my depression and anxiety wiped away.",,,1620053864,{},gwsfmeq,False,t3_n3p5wo,False,True,t3_n3p5wo,/r/AMA/comments/n3p5wo/i_24f_have_been_depressed_my_whole_life_ama/gwsfmeq/,1620084167,1,True,False,AMA,t5_2r4eo,,0,[],
[],,ashulay,,,[],,,,text,t2_h8e9u,False,False,[],Married at 17? Is there a story here?,,,1620053830,{},gwsfjm6,False,t3_n3uy0v,False,True,t1_gwryyrb,/r/AMA/comments/n3uy0v/i_am_married_to_my_step_brother_ama/gwsfjm6/,1620084122,76,True,False,AMA,t5_2r4eo,,0,[],
[],,PerennialComa,,,[],,,,text,t2_1vw2yd4,False,False,[],"Danska l√•ter ganska konstigt, men det √§r ok √§nd√•.",,,1620053823,{},gwsfj16,False,t3_n3p5au,False,True,t3_n3p5au,/r/AMA/comments/n3p5au/i_am_from_denmark_a_country_where_we_pay_high/gwsfj16/,1620084113,1,True,False,AMA,t5_2r4eo,,0,[],
[],,skateslowsucktoes,,,[],,,,text,t2_6an6t58v,False,False,[],How many punks does it take to screw in a lightbulb?,,,1620053788,{},gwsfgb4,False,t3_n3wj6u,False,True,t3_n3wj6u,/r/AMA/comments/n3wj6u/im_a_fan_of_punk_rock_and_im_in_a_band_ama/gwsfgb4/,1620084070,2,True,False,AMA,t5_2r4eo,,0,[],
[],,Lapin-Rebel,,,[],,,,text,t2_4j0edevn,False,False,[],I'm really sorry for you,,,1620053788,{},gwsfgaf,False,t3_n3nlgv,False,True,t1_gwscskz,/r/AMA/comments/n3nlgv/im_a_diagnosed_satyromaniac_ama/gwsfgaf/,1620084070,3,True,False,AMA,t5_2r4eo,,0,[],
[],,Logan123_,,,[],,,,text,t2_5sh31bso,False,False,[],You said you were in Germany first why move from that to America?,,,1620053759,{},gwsfdxg,False,t3_n3vvs4,False,False,t3_n3vvs4,/r/AMA/comments/n3vvs4/i_am_a_romanian_communist_refugee_that_moved_to/gwsfdxg/,1620084031,11,True,False,AMA,t5_2r4eo,,0,[],
[],,jimijuu,,,[],,,,text,t2_179hd05d,False,False,[],Amen to that ...,,,1620053731,{},gwsfbqi,True,t3_n1pn0a,False,True,t1_gwi0a9l,/r/AMA/comments/n1pn0a/i_wanna_tap_sheldons_meemaw_annie_potts_ama/gwsfbqi/,1620083996,1,True,False,AMA,t5_2r4eo,,0,[],
[],,jasir36795,,,[],,,,text,t2_bwhku6x4,False,False,[],"You don't accept life. Life accepts you. I didn't choose this. But Winners and Losers right. For somebody to win, somebody has to lose. I am that loser. The dregs of society.",,,1620053728,{},gwsfbi0,True,t3_n3kbep,False,True,t1_gwqsl5z,/r/AMA/comments/n3kbep/i_am_an_incel_ask_me_anything/gwsfbi0/,1620083993,1,True,False,AMA,t5_2r4eo,,0,[],
[],,Substantial-One-2265,,,[],,,,text,t2_9l4ufsox,False,False,[],"Nice, 80 simps",,,1620053712,{},gwsfa7j,False,t3_n3u8o0,False,False,t1_gws0x8x,/r/AMA/comments/n3u8o0/im_a_top_5_onlyfans_model_ama/gwsfa7j/,1620083973,1,True,False,AMA,t5_2r4eo,,0,[],
[],,helloyesthisisjohn,,,[],,,,text,t2_4nvozzu,False,False,[],"In my freshman year of college, I was hospitalized for mental health stuff. I had a good deal at that school, but ultimately had to withdraw and spend the next couple months absolutely lost. Ultimately, one of the things that did help was a volunteer gig where my grandfather worked at the time--a clubhouse facility for people with disabilities ranging from cerebral palsy to ALS to just blindness. 

Working there provided valuable perspective and being of service *definitely* felt better.",,,1620053683,{},gwsf7yq,False,t3_n3gmnj,False,True,t1_gwqxjng,/r/AMA/comments/n3gmnj/im_privileged_grew_up_rich_was_gifted_in_school/gwsf7yq/,1620083937,2,True,False,AMA,t5_2r4eo,,0,[],
[],,ThatsWhatXiSaid,,,[],,,,text,t2_tykf1qc,False,True,[],"&gt; Yes the target was set for 2% but the figures over the year show that majority of the countries have failed to make an effort to reach the target.

NATO countries have increased from 1.47% of GDP in 2013 to 1.78% in 2020 on average. Assuming the trend continues that will put them at 1.96% by the 2024 goal. 

Just to put this in perspective (excluding US spending) the global average on defense is 1.81%. With $307.5 billion in spending, they dwarf China ($261.0 billion) and Russia ($65.1 billion). Combined with nuclear weapons, it's hard to imagine NATO being attacked even without US involvement.

&gt;Americans can‚Äôt benefit from their own taxpayers dollars because their country is spending that money to protect other countries.

Again, as I've shown the US is plenty wealthy enough to cover both military spending--which we should note the US spends more because we believe it benefits **us**--and other social programs. It should also be noted that even if the US were to decrease military spending to global averages it would barely cover 10% of our healthcare spending per year. It should also be noted that the US is already spending more taxpayer dollars per person on healthcare--our current system is just so amazingly inefficient the money doesn't go very far.",,,1620053658,{},gwsf5xi,False,t3_n3p5au,False,False,t1_gwr9lfw,/r/AMA/comments/n3p5au/i_am_from_denmark_a_country_where_we_pay_high/gwsf5xi/,1620083904,1,True,False,AMA,t5_2r4eo,,0,[],
[],,Thatonedumbguitarist,,,[],,,,text,t2_bht0lvpl,False,False,[],I shall try!,,,1620053655,{},gwsf5op,True,t3_n3wj6u,False,True,t1_gwse2gj,/r/AMA/comments/n3wj6u/im_a_fan_of_punk_rock_and_im_in_a_band_ama/gwsf5op/,1620083900,2,True,False,AMA,t5_2r4eo,,0,[],
[],,AutisticNymphomaniac,,,[],,,,text,t2_9oddf887,False,False,[],"And thank you guys for all the questions, always happy to see minds eager to learn, and supplying them with the answers they want \^\^",,,1620053584,{},gwsezyn,True,t3_n3nlgv,False,True,t1_gwseo5q,/r/AMA/comments/n3nlgv/im_a_diagnosed_satyromaniac_ama/gwsezyn/,1620083806,2,True,False,AMA,t5_2r4eo,,0,[],
[],,fleemfleemfleemfleem,,,[],,,,text,t2_485hniyq,False,False,[],What is the most awkward situation you've been in where you felt you had to explain it to people?,,,1620053581,{},gwsezsl,False,t3_n3uy0v,False,True,t3_n3uy0v,/r/AMA/comments/n3uy0v/i_am_married_to_my_step_brother_ama/gwsezsl/,1620083804,5,True,False,AMA,t5_2r4eo,,0,[],
[],,TheDuffness,,,[],,,,text,t2_6f622tkh,False,False,[],Where is the hotel? how many rooms? Is there a weird missing room 13?,,,1620053569,{},gwseytc,False,t3_n3w4lp,False,True,t3_n3w4lp,/r/AMA/comments/n3w4lp/ive_lived_in_a_hotel_since_i_was_eight_am_now_20/gwseytc/,1620083789,2,True,False,AMA,t5_2r4eo,,0,[],
[],,Justaannoyinggirl,,,[],,,,text,t2_7q2tb245,False,False,[],Did you suffer any form of racism because of it? Is being rich cool?,,,1620053563,{},gwsey8h,False,t3_n3xutc,False,True,t3_n3xutc,/r/AMA/comments/n3xutc/i_am_a_black_person_who_has_been_raised_around/gwsey8h/,1620083780,1,True,False,AMA,t5_2r4eo,,0,[],
[],,bdoubleD,,,[],,,,text,t2_9lp8e,False,False,[],"So, technically your dad married his daughter's MIL? I think you get a pass, but your dad....",,,1620053562,{},gwsey6d,False,t3_n3uy0v,False,True,t1_gwryyrb,/r/AMA/comments/n3uy0v/i_am_married_to_my_step_brother_ama/gwsey6d/,1620083779,15,True,False,AMA,t5_2r4eo,,0,[],
[],,jasir36795,,,[],,,,text,t2_bwhku6x4,False,False,[],Pity party. Lol. Nice one. Love how low value males get treated. You normies are truly sadistic.,,,1620053558,{},gwsexvb,True,t3_n3kbep,False,True,t1_gwr020k,/r/AMA/comments/n3kbep/i_am_an_incel_ask_me_anything/gwsexvb/,1620083773,1,True,False,AMA,t5_2r4eo,,0,[],
[],,rihon31042,,,[],,,,text,t2_bju1fjtq,False,False,[],Sure thing. Also try something you *wouldn't* do normally.  Don't know what. Going to a garage sale. Visiting the local library. Chatting with random people on a parking lot. Whatever. I don't know enough about you or your situation to make proper suggestions.  Just new (harmless) experiences.,,,1620053549,{},gwsex6f,False,t3_n3gmnj,False,True,t1_gwsak47,/r/AMA/comments/n3gmnj/im_privileged_grew_up_rich_was_gifted_in_school/gwsex6f/,1620083761,2,True,False,AMA,t5_2r4eo,,0,[],
[],,_theangrybadger_,,,[],,,,text,t2_bvhzfnin,False,False,[],THATS A HUGE BITCH,,,1620053489,{},gwsesaz,False,t3_n3uy0v,False,True,t1_gwselfp,/r/AMA/comments/n3uy0v/i_am_married_to_my_step_brother_ama/gwsesaz/,1620083678,-62,True,False,AMA,t5_2r4eo,,0,[],
[],,snoozieboi,,,[],,,,text,t2_3no75,False,False,[],"I dunno why I bother to comment, but my two cents are you might be a late bloomer, look at 2pac, Dave Grohl etc when they were around 20. Not everybody is has a fully developed jawline etc and is all Zack Efron at 19.

I don't know why I've noticed it but mentioned Grohl, John Travolta, Tom Hanks and maybe Seinfeld all went from skinny narrow faces to kinda wide normal or puffy later in life. With that list of yours you might look quite weird at 40 and onwards.",,,1620053464,{},gwseq8f,False,t3_n3pwb8,False,True,t3_n3pwb8,/r/AMA/comments/n3pwb8/ama_i_am_a_19_yo_dude_who_wants_to_do_multiple/gwseq8f/,1620083643,1,True,False,AMA,t5_2r4eo,,0,[],
[],,DarthVader108,,,[],,,,text,t2_40ajipin,False,False,[],Thank you for sharing everyone here appreciates the insight that you give,,,1620053438,{},gwseo5q,False,t3_n3nlgv,False,True,t1_gwse772,/r/AMA/comments/n3nlgv/im_a_diagnosed_satyromaniac_ama/gwseo5q/,1620083611,2,True,False,AMA,t5_2r4eo,,0,[],
[],,IAmTyco,,,[],,,,text,t2_r9r7f,False,False,[],Did you grow up together as brother and sister?,,,1620053418,{},gwsemi0,False,t3_n3uy0v,False,True,t3_n3uy0v,/r/AMA/comments/n3uy0v/i_am_married_to_my_step_brother_ama/gwsemi0/,1620083585,4,True,False,AMA,t5_2r4eo,,0,[],
[],,Fit-Evening6916,,,[],,,,text,t2_b5myt73e,False,False,[],"I never measured my dick before puberty, or if I did I don‚Äôt remember. But I started puberty very young, around 9",,,1620053415,{},gwsema5,True,t3_mkxh7g,False,True,t1_gwseizn,/r/AMA/comments/mkxh7g/i_m22_have_a_penis_that_is_7_inches_flaccid_ama/gwsema5/,1620083581,1,True,False,AMA,t5_2r4eo,,0,[],
[],,SirLeafIsAlwaysTaken,,,[],,,,text,t2_a1kbodfy,False,False,[],"You just saw the context, didn't you?

Nice score hide.",,,1620053405,{},gwselfp,False,t3_n3uy0v,False,True,t1_gwsc9kl,/r/AMA/comments/n3uy0v/i_am_married_to_my_step_brother_ama/gwselfp/,1620083566,16,True,False,AMA,t5_2r4eo,,0,[],
[],,AutisticNymphomaniac,,,[],,,,text,t2_9oddf887,False,False,[],"You hit the nail on the head boy, fellow aspie here!",,,1620053404,{},gwseleg,True,t3_n3nlgv,False,False,t1_gwsc695,/r/AMA/comments/n3nlgv/im_a_diagnosed_satyromaniac_ama/gwseleg/,1620083566,5,True,False,AMA,t5_2r4eo,,0,[],
[],,Crazed_waffle_party,,,[],,,,text,t2_3o9mjd8h,False,False,[],How much did your parents make and how‚Äôd you get exposed to drugs?,,,1620053401,{},gwsel59,False,t3_n3gmnj,False,True,t3_n3gmnj,/r/AMA/comments/n3gmnj/im_privileged_grew_up_rich_was_gifted_in_school/gwsel59/,1620083562,1,True,False,AMA,t5_2r4eo,,0,[],
[],,MxRisky,,,[],,,,text,t2_3rlsshyy,False,False,[],What is it like? Do you ever mention the fact you are married to your step brother?,,,1620053395,{},gwsekn1,False,t3_n3uy0v,False,True,t3_n3uy0v,/r/AMA/comments/n3uy0v/i_am_married_to_my_step_brother_ama/gwsekn1/,1620083552,4,True,False,AMA,t5_2r4eo,,0,[],
[],,klikxy,,,[],,,,text,t2_5j5htzv0,False,False,[],What size were u before puberty and what do u eat,,,1620053375,{},gwseizn,False,t3_mkxh7g,False,True,t3_mkxh7g,/r/AMA/comments/mkxh7g/i_m22_have_a_penis_that_is_7_inches_flaccid_ama/gwseizn/,1620083525,1,True,False,AMA,t5_2r4eo,,0,[],
[],,imangelaslastegg,,,[],,,,text,t2_4spxvg4k,False,False,[],Is this hotel in the USA?,,,1620053352,{},gwseh5g,False,t3_n3w4lp,False,True,t3_n3w4lp,/r/AMA/comments/n3w4lp/ive_lived_in_a_hotel_since_i_was_eight_am_now_20/gwseh5g/,1620083493,2,True,False,AMA,t5_2r4eo,,0,[],
[],,Squiiddyy,,,[],,,,text,t2_atpwqytk,False,False,[],"I just fidget with something near me (pencil, marker, etc.) but to be fair I cant either so that sucks for both of us lol",,,1620053332,{},gwsefi6,True,t3_n3t551,False,True,t1_gwscfkt,/r/AMA/comments/n3t551/im_a_13_year_old_in_2021_with_severe_adhd_ama/gwsefi6/,1620083466,1,True,False,AMA,t5_2r4eo,,0,[],
[],,Squiiddyy,,,[],,,,text,t2_atpwqytk,False,False,[],bruh it wasn't my choice to be 13 üòÇüòÇ and the minimum age is 13,,,1620053268,{},gwseae7,True,t3_n3t551,False,True,t1_gws8m3x,/r/AMA/comments/n3t551/im_a_13_year_old_in_2021_with_severe_adhd_ama/gwseae7/,1620083382,1,True,False,AMA,t5_2r4eo,,0,[],
[],,jasir36795,,,[],,,,text,t2_bwhku6x4,False,False,[],Lol Looks=Personality. I bet you like the personalities of 5'3 balding indian janitors.,,,1620053245,{},gwse8ix,True,t3_n3kbep,False,True,t1_gwrynx6,/r/AMA/comments/n3kbep/i_am_an_incel_ask_me_anything/gwse8ix/,1620083352,1,True,False,AMA,t5_2r4eo,,0,[],
[],,JustAnotherRedittorr,,,[],,,,text,t2_41eaab78,False,False,[],If you read the comments you would actaully have your question answered,,,1620053236,{},gwse7tx,False,t3_n3uy0v,False,True,t1_gwsc8rn,/r/AMA/comments/n3uy0v/i_am_married_to_my_step_brother_ama/gwse7tx/,1620083339,-2,True,False,AMA,t5_2r4eo,,0,[],
[],,AutisticNymphomaniac,,,[],,,,text,t2_9oddf887,False,False,[],"As answered below:

\&gt; Horny smells like... Their personal scent x3, mixed in with the scent of sweaty genitals. That's the best description I can give",,,1620053228,{},gwse772,True,t3_n3nlgv,False,True,t1_gwsb033,/r/AMA/comments/n3nlgv/im_a_diagnosed_satyromaniac_ama/gwse772/,1620083330,3,True,False,AMA,t5_2r4eo,,0,[],
[],,SunnyBanana276,,,[],,,,text,t2_5zeei0io,False,False,[],Why is your language so difficult to speak?,,,1620053197,{},gwse4ot,False,t3_n3p5au,False,True,t3_n3p5au,/r/AMA/comments/n3p5au/i_am_from_denmark_a_country_where_we_pay_high/gwse4ot/,1620083285,1,True,False,AMA,t5_2r4eo,,0,[],
[],,Christian695,,,[],,,,text,t2_4d2g0io0,False,False,[],Lmao,,,1620053182,{},gwse3jz,True,t3_n3xpic,False,False,t1_gwsdzy9,/r/AMA/comments/n3xpic/get_advice_from_a_15_year_old_ama/gwse3jz/,1620083268,1,True,False,AMA,t5_2r4eo,,0,[],
[],,AutisticNymphomaniac,,,[],,,,text,t2_9oddf887,False,False,[],"Y'all stop giving this guy crap, I'm laughing my ass of to this",,,1620053177,{},gwse351,True,t3_n3nlgv,False,False,t1_gwrlst2,/r/AMA/comments/n3nlgv/im_a_diagnosed_satyromaniac_ama/gwse351/,1620083261,7,True,False,AMA,t5_2r4eo,,0,[],
[],,jasir36795,,,[],,,,text,t2_bwhku6x4,False,False,[],Wtf is burpees? Also Just do Burpees theory to forget that you are genetic dead end.,,,1620053170,{},gwse2l9,True,t3_n3kbep,False,True,t1_gwrm17f,/r/AMA/comments/n3kbep/i_am_an_incel_ask_me_anything/gwse2l9/,1620083252,1,True,False,AMA,t5_2r4eo,,0,[],
[],,Snoutpile,,,[],,,,text,t2_7ztnedex,False,False,[],And now it only makes me feel damn old.. You give them hell mate!,,,1620053168,{},gwse2gj,False,t3_n3wj6u,False,True,t1_gwsdlxm,/r/AMA/comments/n3wj6u/im_a_fan_of_punk_rock_and_im_in_a_band_ama/gwse2gj/,1620083250,2,True,False,AMA,t5_2r4eo,,0,[],
[],,Christian695,,,[],,,,text,t2_4d2g0io0,False,False,[],"I know, I am the intelligent ü§§",,,1620053164,{},gwse22a,True,t3_n3xpic,False,True,t1_gwsdyzd,/r/AMA/comments/n3xpic/get_advice_from_a_15_year_old_ama/gwse22a/,1620083243,1,True,False,AMA,t5_2r4eo,,0,[],
[],,ThatsWhatXiSaid,,,[],,,,text,t2_tykf1qc,False,True,[],"The US is the tenth wealthiest country in the world by per capita GDP. If you subtract out military spending, the US is still the 10th wealthiest country in the world. It's not military spending keeping the US from having what other countries have.",,,1620053150,{},gwse11f,False,t3_n3p5au,False,True,t1_gwr3jsu,/r/AMA/comments/n3p5au/i_am_from_denmark_a_country_where_we_pay_high/gwse11f/,1620083226,2,True,False,AMA,t5_2r4eo,,0,[],
[],,yeungjizzy,,,[],,,,text,t2_ay9f7w8o,False,False,[],HEY! Let's get off moms....i just got off yours,,,1620053137,{},gwsdzy9,False,t3_n3xpic,False,True,t1_gwsdsqd,/r/AMA/comments/n3xpic/get_advice_from_a_15_year_old_ama/gwsdzy9/,1620083207,1,True,False,AMA,t5_2r4eo,,0,[],
[],,Christian695,,,[],,,,text,t2_4d2g0io0,False,False,[],Very nice üëå,,,1620053128,{},gwsdz6r,False,t3_n3wj6u,False,True,t1_gwsdt75,/r/AMA/comments/n3wj6u/im_a_fan_of_punk_rock_and_im_in_a_band_ama/gwsdz6r/,1620083195,1,True,False,AMA,t5_2r4eo,,0,[],
[],,fartyhardy,,,[],,,,text,t2_80kvysqj,False,False,[],That's the answer we can expect from a 15 year old.,,,1620053126,{},gwsdyzd,False,t3_n3xpic,False,True,t1_gwsdsqd,/r/AMA/comments/n3xpic/get_advice_from_a_15_year_old_ama/gwsdyzd/,1620083192,2,True,False,AMA,t5_2r4eo,,0,[],
[],,AutisticNymphomaniac,,,[],,,,text,t2_9oddf887,False,False,[],"Who said it isn't? I have days where I just gotta lay down with my legs spread because the entire thing is just aching and stinging, though I think the size of it kinda gives it more room to spread the pain out to, making it less painful somehow, if you get what I mean? Also I have so-so high pain tolerance down there, I can get a small kick or punch without collapsing in pain.",,,1620053113,{},gwsdxyd,True,t3_n3nlgv,False,True,t1_gwsd2i4,/r/AMA/comments/n3nlgv/im_a_diagnosed_satyromaniac_ama/gwsdxyd/,1620083176,2,True,False,AMA,t5_2r4eo,,0,[],
[],,jasir36795,,,[],,,,text,t2_bwhku6x4,False,False,[],Idk. You tell me. Both are evolutionary losers to me.,,,1620053097,{},gwsdwo7,True,t3_n3kbep,False,False,t1_gwre1vh,/r/AMA/comments/n3kbep/i_am_an_incel_ask_me_anything/gwsdwo7/,1620083154,1,True,False,AMA,t5_2r4eo,,0,[],
[],,jasir36795,,,[],,,,text,t2_bwhku6x4,False,False,[],Right. My problems aren't real.,,,1620053057,{},gwsdtiw,True,t3_n3kbep,False,True,t1_gwqzygc,/r/AMA/comments/n3kbep/i_am_an_incel_ask_me_anything/gwsdtiw/,1620083104,1,True,False,AMA,t5_2r4eo,,0,[],
[],,Thatonedumbguitarist,,,[],,,,text,t2_bht0lvpl,False,False,[],"No unfortunately. Were working on demo tapes, and were gonna record shitty punk rock in my friends basement within the coming years. Weve got some songs in the works, with 2-4 demos being recorded",,,1620053053,{},gwsdt75,True,t3_n3wj6u,False,True,t1_gwsblge,/r/AMA/comments/n3wj6u/im_a_fan_of_punk_rock_and_im_in_a_band_ama/gwsdt75/,1620083099,2,True,False,AMA,t5_2r4eo,,0,[],
[],,Christian695,,,[],,,,text,t2_4d2g0io0,False,False,[],Your mom,,,1620053047,{},gwsdsqd,True,t3_n3xpic,False,False,t1_gwsdobw,/r/AMA/comments/n3xpic/get_advice_from_a_15_year_old_ama/gwsdsqd/,1620083091,2,True,False,AMA,t5_2r4eo,,0,[],
[],,Christian695,,,[],,,,text,t2_4d2g0io0,False,False,[],"Eww, the metric system lol",,,1620053031,{},gwsdre1,False,t3_n3rqmd,False,True,t1_gwsdmkk,/r/AMA/comments/n3rqmd/just_kinda_bored_ama/gwsdre1/,1620083071,1,True,False,AMA,t5_2r4eo,,0,[],
[],,super_russiancat,,,[],,,,text,t2_701xvacn,False,False,[],"ok i will start of with this
your life is the most expensive thing on planet earth so you shouldn‚Äôt waste it or lose it 
no matter what your life is not worthless or useless
so always remember that",,,1620053001,{},gwsdozx,True,t3_n3rb9c,False,True,t1_gwrfx2g,/r/AMA/comments/n3rb9c/i_will_be_100_honest_no_matter_the_questions/gwsdozx/,1620083032,1,True,False,AMA,t5_2r4eo,,0,[],
[],,TeddyTMI,,,[],,,,text,t2_64q8v2cg,False,False,[],Don't forget the lessons you have learned here. Go forth to fail in the real world!,,,1620052999,{},gwsdoub,False,t3_mp5gmc,False,True,t1_gws95zf,/r/AMA/comments/mp5gmc/my_photos_have_gone_viral_and_i_have_been_memed/gwsdoub/,1620083030,1,True,False,AMA,t5_2r4eo,,0,[],
[],,jasir36795,,,[],,,,text,t2_bwhku6x4,False,False,[],Basically a kissless virgin. Basically the guys you bullied in high school.,,,1620052998,{},gwsdoqs,True,t3_n3kbep,False,False,t1_gwqy1kf,/r/AMA/comments/n3kbep/i_am_an_incel_ask_me_anything/gwsdoqs/,1620083028,1,True,False,AMA,t5_2r4eo,,0,[],
[],,yeungjizzy,,,[],,,,text,t2_ay9f7w8o,False,False,[],"Poop, fart or shit?",,,1620052993,{},gwsdobw,False,t3_n3xpic,False,False,t3_n3xpic,/r/AMA/comments/n3xpic/get_advice_from_a_15_year_old_ama/gwsdobw/,1620083022,2,True,False,AMA,t5_2r4eo,,0,[],
[],,Kointa,,,[],,,,text,t2_4ud5ms0w,False,False,[],I don't know. We use the metric system and I'm lesbian,,,1620052970,{},gwsdmkk,True,t3_n3rqmd,False,True,t1_gwsc4j6,/r/AMA/comments/n3rqmd/just_kinda_bored_ama/gwsdmkk/,1620082995,1,True,False,AMA,t5_2r4eo,,0,[],
[],,Thatonedumbguitarist,,,[],,,,text,t2_bht0lvpl,False,False,[],THATS RAD MAN!,,,1620052962,{},gwsdlxm,True,t3_n3wj6u,False,True,t1_gwsbi7n,/r/AMA/comments/n3wj6u/im_a_fan_of_punk_rock_and_im_in_a_band_ama/gwsdlxm/,1620082985,2,True,False,AMA,t5_2r4eo,,0,[],
[],,jasir36795,,,[],,,,text,t2_bwhku6x4,False,False,[],Doesn't matter anyway.  Who gives a shit what I like or hate.,,,1620052940,{},gwsdk8p,True,t3_n3kbep,False,True,t1_gwqu3nm,/r/AMA/comments/n3kbep/i_am_an_incel_ask_me_anything/gwsdk8p/,1620082959,1,True,False,AMA,t5_2r4eo,,0,[],
[],,super_russiancat,,,[],,,,text,t2_701xvacn,False,False,[],yea exactly,,,1620052908,{},gwsdhqu,False,t3_n3rcf0,False,False,t1_gwrhnd5,/r/AMA/comments/n3rcf0/20_years_old_had_sex_for_the_first_time_couldnt/gwsdhqu/,1620082920,1,True,False,AMA,t5_2r4eo,,0,[],
[],,super_russiancat,,,[],,,,text,t2_701xvacn,False,False,[],ok i am listening,,,1620052893,{},gwsdgi6,True,t3_n3rb9c,False,True,t1_gwrfx2g,/r/AMA/comments/n3rb9c/i_will_be_100_honest_no_matter_the_questions/gwsdgi6/,1620082901,1,True,False,AMA,t5_2r4eo,,0,[],
[],,Sweaty-Library6734,,,[],,,,text,t2_8feagjlu,False,False,[],"Respectfully, do you ever think you're just being a crybaby?

I mean if you're truly privileged, rich, gifted, etc, then it sounds like you have a lot to be thankful for. What's there's to be depressed about? 

I'm genuinely curious.

What does your daily gratitude list look like?",,,1620052880,{},gwsdfii,False,t3_n3gmnj,False,False,t3_n3gmnj,/r/AMA/comments/n3gmnj/im_privileged_grew_up_rich_was_gifted_in_school/gwsdfii/,1620082885,2,True,False,AMA,t5_2r4eo,,0,[],
[],,super_russiancat,,,[],,,,text,t2_701xvacn,False,False,[],the FUCK?!,,,1620052877,{},gwsdfab,True,t3_n3rb9c,False,True,t1_gwrj8er,/r/AMA/comments/n3rb9c/i_will_be_100_honest_no_matter_the_questions/gwsdfab/,1620082881,1,True,False,AMA,t5_2r4eo,,0,[],
[],,AutisticNymphomaniac,,,[],,,,text,t2_9oddf887,False,False,[],"I've never heard of this condition, no, and it doesn't sound any fun to be honest.

Though I think walking around being horny all the time is better than to randomly ""NGhaaaa.. uhn..."" when hanging out with friends or family",,,1620052864,{},gwsdear,True,t3_n3nlgv,False,False,t1_gws8hyf,/r/AMA/comments/n3nlgv/im_a_diagnosed_satyromaniac_ama/gwsdear/,1620082865,5,True,False,AMA,t5_2r4eo,,0,[],
[],,super_russiancat,,,[],,,,text,t2_701xvacn,False,False,[],"well kind of 
even do i don‚Äôt believe in the paranormal( i think it‚Äôs total bs) but still it scares the shit out of me?",,,1620052852,{},gwsdda8,True,t3_n3rb9c,False,True,t1_gwrtd1y,/r/AMA/comments/n3rb9c/i_will_be_100_honest_no_matter_the_questions/gwsdda8/,1620082848,1,True,False,AMA,t5_2r4eo,,0,[],
[],,kitten1006,,,[],,,,text,t2_228nmdra,False,False,[],"Dude what are you talking about, anything you enjoy can cause dopamine. Books, porn, social media, tv. Anything. 

And food addiction exists lmao so idk what you‚Äôre talking about there",,,1620052847,{},gwsdcxx,False,t3_n3n9t4,False,True,t1_gwr5h1k,/r/AMA/comments/n3n9t4/i_dont_think_minors_should_be_allowed_access_to/gwsdcxx/,1620082842,1,True,False,AMA,t5_2r4eo,,0,[],
[],,Pastamenu,,,[],,,,text,t2_9e7tzru4,False,False,[],"I'm so torn right now...  I wanna tell you to fuck off and that you're an asshole but i also wanna let you know, that depression is a chemical inbalance so anyone can have it.",,,1620052842,{},gwsdcjh,False,t3_n3gmnj,False,True,t3_n3gmnj,/r/AMA/comments/n3gmnj/im_privileged_grew_up_rich_was_gifted_in_school/gwsdcjh/,1620082835,1,True,False,AMA,t5_2r4eo,,0,[],
[],,ocyries,,,[],,,,text,t2_6iwbc,False,False,[],What is the weirdest request that you have received and did you do it?,,,1620052817,{},gwsdaix,False,t3_n3u8o0,False,False,t3_n3u8o0,/r/AMA/comments/n3u8o0/im_a_top_5_onlyfans_model_ama/gwsdaix/,1620082801,1,True,False,AMA,t5_2r4eo,,0,[],
[],,super_russiancat,,,[],,,,text,t2_701xvacn,False,False,[],"plant tons of plants and trees 
then idk i am not a scientist i am being honest here",,,1620052790,{},gwsd8em,True,t3_n3rb9c,False,True,t1_gwrrup3,/r/AMA/comments/n3rb9c/i_will_be_100_honest_no_matter_the_questions/gwsd8em/,1620082769,1,True,False,AMA,t5_2r4eo,,0,[],
[],,AffectionateFly18,,,[],,,,text,t2_betxytp5,False,False,[],"Tbh? Don't mention it. Mabye just say casually how biologically there's no issue, and you're sick of the jokes because it's cringe",,,1620052763,{},gwsd6e1,False,t3_n3uy0v,False,True,t1_gws3ta3,/r/AMA/comments/n3uy0v/i_am_married_to_my_step_brother_ama/gwsd6e1/,1620082737,24,True,False,AMA,t5_2r4eo,,0,[],
[],,teamdisaster47,,,[],,,,text,t2_49r7f6wt,False,False,[],I don‚Äôt ever write them down. If they‚Äôre good enough I don‚Äôt have to. And if they‚Äôre bad enough I don‚Äôt have to either. I have had dreams and then you wake up and are like what was I dreaming about and it‚Äôs just gone.,,,1620052748,{},gwsd55x,False,t3_n3o2qa,False,True,t1_gwr1dgx,/r/AMA/comments/n3o2qa/my_dreams_are_better_than_reality_ama/gwsd55x/,1620082717,2,True,False,AMA,t5_2r4eo,,0,[],
[],,WombNuggetMaster,,,[],,,,text,t2_10vu81,False,False,[],I've called 911 and got a voicemessage. Luckily within 2 minutes I got a call back so I could report a very very drunk driver. Garland Tx,,,1620052742,{},gwsd4pv,False,t3_n3ieub,False,True,t1_gwqehyy,/r/AMA/comments/n3ieub/im_a_911_call_taker_and_used_to_be_a_security/gwsd4pv/,1620082710,1,True,False,AMA,t5_2r4eo,,0,[],
[],,AutisticNymphomaniac,,,[],,,,text,t2_9oddf887,False,False,[],"My therapist and I are working on some things, though my doctor believes that this illness might not just be mental, but also from a tumor pressing on the hypothalamus of my brain, and the fact that I have balls the size of eggs witch makes me a wandering testosterone factory, so brain surgery/estrogen supplements would be the way to go",,,1620052741,{},gwsd4ng,True,t3_n3nlgv,False,False,t1_gws5o10,/r/AMA/comments/n3nlgv/im_a_diagnosed_satyromaniac_ama/gwsd4ng/,1620082709,3,True,False,AMA,t5_2r4eo,,0,[],
[],,KirinHayune,,,[],,,,text,t2_1l8dhn6t,False,False,[],honest question: how is your dick not raw?,,,1620052714,{},gwsd2i4,False,t3_n3nlgv,False,True,t3_n3nlgv,/r/AMA/comments/n3nlgv/im_a_diagnosed_satyromaniac_ama/gwsd2i4/,1620082676,2,True,False,AMA,t5_2r4eo,,0,[],
[],,GOLDEN_GOATY,,,[],,,,text,t2_4pfjqspo,False,False,[],Nice,,,1620052710,{},gwsd295,True,t3_m262pq,False,True,t1_gwqr70k,/r/AMA/comments/m262pq/i_just_ate_a_banana_ama/gwsd295/,1620082672,1,True,False,AMA,t5_2r4eo,,0,[],
[],,teamdisaster47,,,[],,,,text,t2_49r7f6wt,False,False,[],Dang well I guess it‚Äôs an American/shitty thing. They might‚Äôve caught the guy who did it I don‚Äôt really know. All I know is the McDonalds got leveled by bulldozers. Rip McDonald‚Äôs,,,1620052680,{},gwsczuj,False,t3_n3eea4,False,True,t1_gwr5v0g,/r/AMA/comments/n3eea4/i_17f_uk_work_at_mcdonalds_and_got_employee_of/gwsczuj/,1620082635,1,True,False,AMA,t5_2r4eo,,0,[],
[],,loztriforce,,,[],,,,text,t2_cvo3m,False,True,[],What music do y‚Äôall like?,,,1620052619,{},gwscuyd,False,t3_n3p5au,False,True,t3_n3p5au,/r/AMA/comments/n3p5au/i_am_from_denmark_a_country_where_we_pay_high/gwscuyd/,1620082560,1,True,False,AMA,t5_2r4eo,,0,[],
[],,Im-bibitch,,,[],,,,text,t2_6de5y3zk,False,False,[],"I‚Äôm okay for the most part 
I just want the swelling to go down üò≠ my face feels so heavy!",,,1620052592,{},gwscswi,True,t3_n3abtv,False,True,t1_gwqnfd3,/r/AMA/comments/n3abtv/i_got_my_wisdom_teeth_out_yesterday_plus_and/gwscswi/,1620082527,1,True,False,AMA,t5_2r4eo,,0,[],True
[],,AutisticNymphomaniac,,,[],,,,text,t2_9oddf887,False,False,[],"Oh far from it mate, I'm so sick and tired of being horny all the time, but honestly you kinda get used to it",,,1620052588,{},gwscskz,True,t3_n3nlgv,False,False,t1_gws54n3,/r/AMA/comments/n3nlgv/im_a_diagnosed_satyromaniac_ama/gwscskz/,1620082523,5,True,False,AMA,t5_2r4eo,,0,[],
[],,teamdisaster47,,,[],,,,text,t2_49r7f6wt,False,False,[],Best dream I ever had was I had flying shoes and was going through a super long ninja warrior course. Felt like hours and when the dream was done i was at the finish line and everyone was cheering me on. Worst dream is a friend told me to close your eyes and if you can make it through level 15 you‚Äôll survive. So I closed my eyes and I had to be in hell. Every level was easy until the last one I got into a mine cart and went WAY down. And the room was kind of dark and I knew something was in there with me and I felt pure fear pure helplessness. And I woke up sweating.,,,1620052584,{},gwscs8n,False,t3_n3o2qa,False,True,t1_gwr7mhp,/r/AMA/comments/n3o2qa/my_dreams_are_better_than_reality_ama/gwscs8n/,1620082517,1,True,False,AMA,t5_2r4eo,,0,[],
[],,Christian695,,,[],,,,text,t2_4d2g0io0,False,False,[],How many more days until you encounter Kruger?,,,1620052553,{},gwscpqf,False,t3_n3ssma,False,True,t3_n3ssma,/r/AMA/comments/n3ssma/i_have_narcolepsy_ama/gwscpqf/,1620082475,1,True,False,AMA,t5_2r4eo,,0,[],
[],,Im-bibitch,,,[],,,,text,t2_6de5y3zk,False,False,[],Thank you so much ‚ò∫Ô∏è,,,1620052553,{},gwscppc,True,t3_n3abtv,False,True,t1_gwqxam9,/r/AMA/comments/n3abtv/i_got_my_wisdom_teeth_out_yesterday_plus_and/gwscppc/,1620082475,1,True,False,AMA,t5_2r4eo,,0,[],True
[],,AutisticNymphomaniac,,,[],,,,text,t2_9oddf887,False,False,[],"Out of all my male friends who I've explained this to, only a couple of them actually understand the concept, I get a lot of ""Just go jerk off bro"" lol.

With the chicks they either distance themselves a little bit, witch is understandable, but some of them actually understand, and I'm viewed as a sex god. I'm well sized down there and I've been doing this shit for a while so I know my stuff. I'm either some chicks backup or sex therapist.

There's a lot of mixed feedback and reactions to this, but most people seem understanding once they understand how bad it really is and how it's completely out of my control",,,1620052521,{},gwscn79,True,t3_n3nlgv,False,True,t1_gwrvrhv,/r/AMA/comments/n3nlgv/im_a_diagnosed_satyromaniac_ama/gwscn79/,1620082436,1,True,False,AMA,t5_2r4eo,,0,[],
[],,Buttonboi2082,,,[],,,,text,t2_1gjd88iw,False,False,[],I actually love it. She‚Äôs knows I love it as well.,,,1620052431,{},gwscg5w,True,t3_n3ompe,False,True,t1_gwrvi2k,/r/AMA/comments/n3ompe/i_have_a_35_inch_micro_penis_that_is_inverted/gwscg5w/,1620082327,1,True,False,AMA,t5_2r4eo,,0,[],
[],,Christian695,,,[],,,,text,t2_4d2g0io0,False,False,[],"Me too, I literally can't make anything over a C. Anything that helps you focus in school?",,,1620052424,{},gwscfkt,False,t3_n3t551,False,True,t3_n3t551,/r/AMA/comments/n3t551/im_a_13_year_old_in_2021_with_severe_adhd_ama/gwscfkt/,1620082319,1,True,False,AMA,t5_2r4eo,,0,[],
[],,teamdisaster47,,,[],,,,text,t2_49r7f6wt,False,False,[],I was at a party with all of my friends and felt the best I have in almost a year. Was talking to these girls that I know in real life and was gonna have a threesome. Then I woke up. The party felt like almost 3-4 hours.,,,1620052405,{},gwsce27,False,t3_n3o2qa,False,True,t1_gwrvjid,/r/AMA/comments/n3o2qa/my_dreams_are_better_than_reality_ama/gwsce27/,1620082295,1,True,False,AMA,t5_2r4eo,,0,[],
[],,_theangrybadger_,,,[],,,,text,t2_bvhzfnin,False,False,[],FREAK!,,,1620052348,{},gwsc9kl,False,t3_n3uy0v,False,True,t3_n3uy0v,/r/AMA/comments/n3uy0v/i_am_married_to_my_step_brother_ama/gwsc9kl/,1620082224,-86,True,False,AMA,t5_2r4eo,,0,[],
[],,amaddul,,,[],,,,text,t2_7thy5m0s,False,False,[],How did you end up getting married with him?,,,1620052338,{},gwsc8rn,False,t3_n3uy0v,False,True,t3_n3uy0v,/r/AMA/comments/n3uy0v/i_am_married_to_my_step_brother_ama/gwsc8rn/,1620082211,1,True,False,AMA,t5_2r4eo,,0,[],
[],,baldheadlicker,,,[],,,,text,t2_7im94a1b,False,False,[],"I never knew other people went through this! I am not as horrible, but I can smell horny people ALL THE TIME. I'm glad I'm not insane. I just assumed it was my hypersensitivity because of aspergers syndrome and if your name is accurate, it might not be far off?",,,1620052306,{},gwsc695,False,t3_n3nlgv,False,False,t1_gwr5b31,/r/AMA/comments/n3nlgv/im_a_diagnosed_satyromaniac_ama/gwsc695/,1620082172,10,True,False,AMA,t5_2r4eo,,0,[],
[],,ama_compiler_bot,,,[],,,,text,t2_o5h275o,False,False,[],"
Table of Questions and Answers. Original answer linked - Please upvote the original questions and answers.
***

Question | Answer | Link
---------|----------|----------|
You can *smell* horny people?|That's correct, and depending on the person it can be a very arousing and intoxicating scent, or nothing at all. This would have been nice if I couldn't smell it on myself aswell...|[Here](/r/AMA/comments/n3nlgv/im_a_diagnosed_satyromaniac_ama/gwr5609/)
Please let us know what your doctor says when you see him soon! I hope things will get better for you|I'll keep y'all posted, though I fear there's not too much that can be done|[Here](/r/AMA/comments/n3nlgv/im_a_diagnosed_satyromaniac_ama/gwr9ny9/)
How does this affect you as a member of society?|Honestly it affects me a lot, as all my functions one way or another is fueled by this. Socializing, doing errands, going out at all really, somehow, subconsciously I'm tricked into thinking that sex is a potential reward for literally all my actions.  Combined with a hypersensitive nose, I can smell hormones; As in, I can smell when people are horny, haven't gotten laid in a while, heck I've told my best friends (a couple) when hanging out at my place ""You're free to use my bedroom, I don't care"" minutes before they realize themselves they're moody. This one is a bit double sided because it has guided me a couple times, but most of the time it's just annoying and directly intoxicating and makes me go nuts.  Though I have a couple friends who understand my issues, it's VERY hard for me to create and maintain bonds with people because of this, because at one point or another I start to sexualize them.  Long story short, I spend 95% of my time locked up in my apartment living on welfare, because I can get so aggressively horny I can virtually feel myself crawl out of my own skin (satyroMANIA), it terrifies me so I reduce human contact as much as possible, so I'd say I'm not even a member of society at this point.|[Here](/r/AMA/comments/n3nlgv/im_a_diagnosed_satyromaniac_ama/gwqv4hq/)
Has this affected your willingness to have sex? Like do you try to limit yourself from indulging for any reason? Or do you just use tinder or find someone some other way?  Also has this affected your sexuality/gender preferende at all?|\&gt; Has this affected your willingness to have sex? Like do you try to limit yourself from indulging for any reason? Or do you just use tinder or find someone some other way? Oh man if it were up to me I'd be having sex 24/7, but I'm banned from Tinder for having a shirtless photo on my profile (I'm a guy) and well I'm autistic as shit, no one wants me.  \&gt; Also has this affected your sexuality/gender preferende at all? Actually yeah it has, as a young teenager I was completely straight, and were only interested in girls my age. Now I'm a open-minded pansexual, I'm into everyone and everything, as long it can give consent it's good enough for me.|[Here](/r/AMA/comments/n3nlgv/im_a_diagnosed_satyromaniac_ama/gwra9m2/)
So does this mean you are too horny to function?   Do you think gunpowder is angry sand?  Can you control your horniness if you want?|\&gt; So does this mean you are too horny to function? At times, I get so horny that I fear myself and what I can accomplish, sometimes it literally affects my entire body to the point where I'm just worming and wiggling around wanting it to stop.  \&gt; Do you think gunpowder is angry sand? No, it's sand but with a short fuse.  \&gt; Can you control your horniness if you want? As in ""channeling it into something creative""? Fuck no. I smoke a crapload of weed though and that helps a little bit|[Here](/r/AMA/comments/n3nlgv/im_a_diagnosed_satyromaniac_ama/gwr4s7i/)
At first i thought "" damn this dude has got the cheat codes, should be happy"" but after reading more, it seems like a curse .  In a perfect world you could just wander around  seeking out the horny people and fuck them all, but the reality is a lot different|Yeah man, the word ""Curse"" is exactly the word I'd use, this is pain.|[Here](/r/AMA/comments/n3nlgv/im_a_diagnosed_satyromaniac_ama/gwrgf99/)
Are you male or female?|Satyromania is the male version of Nymphomania, so yeah I'm a guy|[Here](/r/AMA/comments/n3nlgv/im_a_diagnosed_satyromaniac_ama/gwr23sm/)
Do you have issue forming proper romantic relationships?|I don't do romance, for a lot of different reasons, though this is one of them|[Here](/r/AMA/comments/n3nlgv/im_a_diagnosed_satyromaniac_ama/gwr4j02/)
Have you ever had sex with a nymphomaniac? I'm just imagining two people just constantly banging to either assert dominance or to see which one will quit first.|Hehe, back when my ex and I lived together, it was basically non-stop fucking all the time with the exception of the times when I wrecked her so badly she needed days to recover. Then there were days when I was knocked out, that motherfucker spiked my milkshake with viagra. Guys think they want a lot of sex until they meet a woman who wants a lot of sex.|[Here](/r/AMA/comments/n3nlgv/im_a_diagnosed_satyromaniac_ama/gwrnaj3/)
What‚Äôs the worst instance where your disorder affected your life?|The fact that I barely have any interests aside from sex, nothing else in live matters or motivates me. I'm starting to lose interest in all my other hobbies, like gaming, programing, editing, socializing, it's plain depressing to be honest.|[Here](/r/AMA/comments/n3nlgv/im_a_diagnosed_satyromaniac_ama/gwr5mkn/)
How old were you wen you first started being sexually active (with yourself or a partner)/is it true that satyromanicism starts at a very young age?|I've been jerking off since before I started school mate, 'cording to my family I've been humping shit since even before that, yeah that's true.|[Here](/r/AMA/comments/n3nlgv/im_a_diagnosed_satyromaniac_ama/gwreeys/)
How do you cope with it?|I jerk off, a lot, I smoke a crapload of weed, and I jerk off some more|[Here](/r/AMA/comments/n3nlgv/im_a_diagnosed_satyromaniac_ama/gwrnlli/)
Pornhub or xvideos|I've prolly watched out all them sites bro|[Here](/r/AMA/comments/n3nlgv/im_a_diagnosed_satyromaniac_ama/gwromc3/)

---
[Source] (https://github.com/johnsliao/ama_compiler)",,,1620052303,{},gwsc633,False,t3_n3nlgv,False,True,t3_n3nlgv,/r/AMA/comments/n3nlgv/im_a_diagnosed_satyromaniac_ama/gwsc633/,1620082169,2,True,False,AMA,t5_2r4eo,,0,[],
[],,Christian695,,,[],,,,text,t2_4d2g0io0,False,False,[],Is 2 inches enough?,,,1620052284,{},gwsc4j6,False,t3_n3rqmd,False,True,t3_n3rqmd,/r/AMA/comments/n3rqmd/just_kinda_bored_ama/gwsc4j6/,1620082144,1,True,False,AMA,t5_2r4eo,,0,[],
[],,AutisticNymphomaniac,,,[],,,,text,t2_9oddf887,False,False,[],"I jerk off, a lot, I smoke a crapload of weed, and I jerk off some more",,,1620052241,{},gwsc18j,True,t3_n3nlgv,False,False,t1_gwrnlli,/r/AMA/comments/n3nlgv/im_a_diagnosed_satyromaniac_ama/gwsc18j/,1620082093,5,True,False,AMA,t5_2r4eo,,0,[],
[],,Fit-Evening6916,,,[],,,,text,t2_b5myt73e,False,False,[],I have not,,,1620052173,{},gwsbvxj,True,t3_mkxh7g,False,True,t1_gwsbqw2,/r/AMA/comments/mkxh7g/i_m22_have_a_penis_that_is_7_inches_flaccid_ama/gwsbvxj/,1620082010,1,True,False,AMA,t5_2r4eo,,0,[],
[],,blackmobius,,,[],,,,text,t2_swrrc,False,False,[],"I found my current wife when I was 25. Stop it with the incel shit, youre barely starting out in life",,,1620052150,{},gwsbu32,False,t3_n3uzp0,False,False,t3_n3uzp0,/r/AMA/comments/n3uzp0/i_22m_have_given_up_on_finding_an_so_ama/gwsbu32/,1620081979,7,True,False,AMA,t5_2r4eo,,0,[],
[],,s0rd1dh1ck0ry57,,,[],,,,text,t2_4foeiowr,False,False,[],WHAT DO THE NUMBERS MEAN MASON!,,,1620052138,{},gwsbt6u,False,t3_n3quu3,False,True,t3_n3quu3,/r/AMA/comments/n3quu3/15a98ms52kp20gau_ama/gwsbt6u/,1620081964,1,True,False,AMA,t5_2r4eo,,0,[],
[],,Christian695,,,[],,,,text,t2_4d2g0io0,False,False,[],Revenge of the catfish,,,1620052136,{},gwsbt2o,False,t3_n3sl50,False,True,t3_n3sl50,/r/AMA/comments/n3sl50/just_threw_up_and_dry_heaved_for_close_to_an_hour/gwsbt2o/,1620081963,1,True,False,AMA,t5_2r4eo,,0,[],
[],,bimorm,,,[],,,,text,t2_ar9msa08,False,False,[],Have you ever let another guy play with your dick?,,,1620052108,{},gwsbqw2,False,t3_mkxh7g,False,True,t3_mkxh7g,/r/AMA/comments/mkxh7g/i_m22_have_a_penis_that_is_7_inches_flaccid_ama/gwsbqw2/,1620081930,1,True,False,AMA,t5_2r4eo,,0,[],
[],,AutisticNymphomaniac,,,[],,,,text,t2_9oddf887,False,False,[],"Though this condition is sucking out every ounce of joy in life, I still find shit like this hillarious. You don't bonk me, I AM THE BONK!

It's a double edged sword for me.",,,1620052087,{},gwsbp70,True,t3_n3nlgv,False,False,t1_gws3l4i,/r/AMA/comments/n3nlgv/im_a_diagnosed_satyromaniac_ama/gwsbp70/,1620081902,6,True,False,AMA,t5_2r4eo,,0,[],
[],,Nerves_Edge,,,[],,,,text,t2_2wbx0ejf,False,False,[],Also hers are my public playlists: https://open.spotify.com/user/aramisrod06?si=9x22NzCCThiqjcRou9dygw&amp;utm_source=copy-link&amp;dl_branch=1,,,1620052044,{},gwsblse,True,t3_mzty0k,False,True,t1_gwsanzk,/r/AMA/comments/mzty0k/im_a_normal_teen_ama/gwsblse/,1620081848,1,True,False,AMA,t5_2r4eo,,0,[],
[],,Christian695,,,[],,,,text,t2_4d2g0io0,False,False,[],"Dang man, your going places! You have a YouTube channel, so I can see what you do?",,,1620052040,{},gwsblge,False,t3_n3wj6u,False,True,t1_gwsbdwa,/r/AMA/comments/n3wj6u/im_a_fan_of_punk_rock_and_im_in_a_band_ama/gwsblge/,1620081843,2,True,False,AMA,t5_2r4eo,,0,[],
[],,TheDarkShadow369,,,[],,,,text,t2_1mjgvbsk,False,True,[],i basically work under the same conditions as any other employee. most of them dont know im autistic.,,,1620052027,{},gwsbkh2,True,t3_n3ndiv,False,True,t1_gws90cg,/r/AMA/comments/n3ndiv/im_a_16_year_old_autistic_teen_and_ive_been/gwsbkh2/,1620081827,2,True,False,AMA,t5_2r4eo,,0,[],
[],,Snoutpile,,,[],,,,text,t2_7ztnedex,False,False,[],"I've been in my countrys punk scene my whole life, i know i thing or two.",,,1620051998,{},gwsbi7n,False,t3_n3wj6u,False,True,t1_gwsa8l1,/r/AMA/comments/n3wj6u/im_a_fan_of_punk_rock_and_im_in_a_band_ama/gwsbi7n/,1620081794,2,True,False,AMA,t5_2r4eo,,0,[],
[],,Seaguard5,,,[],,,,text,t2_dzyi8,False,True,[],"I can see how you think that way. I did too. Although my situation was different than yours our relationship was as great for that long.

I felt like I would never move past her, that there was nothing else to move on to, it all felt like too much. 

But there is hope. It may take you a while to see it but hopefully you will realize that there is indeed a girl out there who will not give up on you like your ex did.

I‚Äôm beginning to see that light now after two plus years and I‚Äôve been putting myself out there meeting new people and I see that there‚Äôs hope afterwards. I hope you find the same my friend",,,1620051989,{},gwsbhij,False,t3_n3gmnj,False,True,t1_gwsant9,/r/AMA/comments/n3gmnj/im_privileged_grew_up_rich_was_gifted_in_school/gwsbhij/,1620081782,2,True,False,AMA,t5_2r4eo,,0,[],
[],,1SexySasquatch,,,[],,,,text,t2_9jgu8tqf,False,False,[],"Actually I did the opposite, I got more identification and then named my van the Beardmobile üòÇ",,,1620051987,{},gwsbhdz,True,t3_n2va52,False,True,t1_gwr24ro,/r/AMA/comments/n2va52/i_live_in_a_van_down_by_the_river_seriously_i_do/gwsbhdz/,1620081780,1,True,False,AMA,t5_2r4eo,,0,[],
[],,AutisticNymphomaniac,,,[],,,,text,t2_9oddf887,False,False,[],I've prolly watched out all them sites bro,,,1620051976,{},gwsbgi9,True,t3_n3nlgv,False,False,t1_gwromc3,/r/AMA/comments/n3nlgv/im_a_diagnosed_satyromaniac_ama/gwsbgi9/,1620081767,6,True,False,AMA,t5_2r4eo,,0,[],
[],,Thatonedumbguitarist,,,[],,,,text,t2_bht0lvpl,False,False,[],"Ay, it aint that hard. Im 14, ive been wanting to do gigs for months! frick covid. My band is currently waiting till summer for gigs and practices and stuff so its only a matter of time!",,,1620051943,{},gwsbdwa,True,t3_n3wj6u,False,True,t1_gwsb20q,/r/AMA/comments/n3wj6u/im_a_fan_of_punk_rock_and_im_in_a_band_ama/gwsbdwa/,1620081723,1,True,False,AMA,t5_2r4eo,,0,[],
[],,Phoesilvle,,,[],,,,text,t2_9qkk186k,False,False,[],What kind of food do you especially enjoy? Is there some umami-tasting food you like?,,,1620051935,{},gwsbd7g,False,t3_n3u84v,False,True,t3_n3u84v,/r/AMA/comments/n3u84v/im_vegetarian_for_the_past_6_years_but_i_dont/gwsbd7g/,1620081712,1,True,False,AMA,t5_2r4eo,,0,[],
[],,FionaAppleisagoddess,,,[],,,,text,t2_4c1nft11,False,False,[],Thank you for reassuring me üòä,,,1620051930,{},gwsbcto,True,t3_n3wiqg,False,True,t1_gwsa0tq,/r/AMA/comments/n3wiqg/im_22_and_about_to_graduate_from_college_despite/gwsbcto/,1620081707,1,True,False,AMA,t5_2r4eo,,0,[],
[],,1SexySasquatch,,,[],,,,text,t2_9jgu8tqf,False,False,[],That‚Äôs one problem I haven‚Äôt had. It‚Äôs likely because my van is the most conspicuous vehicle known to man lol. It‚Äôs bright yellow and has a lot of decals on the sides plus a ton of those refrigerator word magnets that I have on for people to leave messages while I hike.,,,1620051899,{},gwsbabw,True,t3_n2va52,False,True,t1_gwqo72c,/r/AMA/comments/n2va52/i_live_in_a_van_down_by_the_river_seriously_i_do/gwsbabw/,1620081669,1,True,False,AMA,t5_2r4eo,,0,[],
[],,throwthere324,,,[],,,,text,t2_69kri5ej,False,False,[],"In italy we have a shitty pun:
Do you know why they are called like that?
Because in their desert they ‚Äúsudan‚Äù (italian word for sweating)
Pretty crappy hahaha
Buuuut, i guess it‚Äôs a very hot place, wish to see it sometimes in the future, khartoum also",,,1620051879,{},gwsb8rc,True,t3_n3t622,False,True,t1_gwsal62,/r/AMA/comments/n3t622/ill_give_my_honest_opinion_on_any_topic_even/gwsb8rc/,1620081644,1,True,False,AMA,t5_2r4eo,,0,[],
[],,AutisticNymphomaniac,,,[],,,,text,t2_9oddf887,False,False,[],"Hehe, back when my ex and I lived together, it was basically non-stop fucking all the time with the exception of the times when I wrecked her so badly she needed days to recover.  
Then there were days when I was knocked out, that motherfucker spiked my milkshake with viagra. Guys think they want a lot of sex until they meet a woman who wants a lot of sex.",,,1620051878,{},gwsb8r6,True,t3_n3nlgv,False,False,t1_gwrnaj3,/r/AMA/comments/n3nlgv/im_a_diagnosed_satyromaniac_ama/gwsb8r6/,1620081643,10,True,False,AMA,t5_2r4eo,,0,[],
[],,artistmystic112,,,[],,,,text,t2_1g5krhm0,False,False,[],"Yes! I am all for tolerance, but when the political ideology becomes the religion we have issues.",,,1620051877,{},gwsb8mj,True,t3_n3vvs4,False,False,t1_gws8n97,/r/AMA/comments/n3vvs4/i_am_a_romanian_communist_refugee_that_moved_to/gwsb8mj/,1620081641,54,True,False,AMA,t5_2r4eo,,0,[],
[],,artistmystic112,,,[],,,,text,t2_1g5krhm0,False,False,[],"Lol I had to google it - no way! If you ever go to the Transylvanian villages you will find the old grandmas with their headscarves, being plump and out of a fairytale book. 

Most Romanian women (since there were many rulerships and wars) have hungarian, saxon, middle eastern, jewish, and roman ancestry.",,,1620051820,{},gwsb45z,True,t3_n3vvs4,False,False,t1_gwsaiut,/r/AMA/comments/n3vvs4/i_am_a_romanian_communist_refugee_that_moved_to/gwsb45z/,1620081569,21,True,False,AMA,t5_2r4eo,,0,[],
[],,schecter_,,,[],,,,text,t2_2x8j2gm8,False,False,[],Your ex.,,,1620051804,{},gwsb2wm,False,t3_n3gmnj,False,True,t1_gws5uxd,/r/AMA/comments/n3gmnj/im_privileged_grew_up_rich_was_gifted_in_school/gwsb2wm/,1620081548,1,True,False,AMA,t5_2r4eo,,0,[],
[],,Christian695,,,[],,,,text,t2_4d2g0io0,False,False,[],"Thats really cool üòé, I've been playing guitar for about 2 years, and drums for 6 months. I'm not in a band tho, I've been doing gigs for about a year, and I'm turning 16 next month. But You need to teach me how to play bass lol",,,1620051792,{},gwsb20q,False,t3_n3wj6u,False,True,t1_gwsafpz,/r/AMA/comments/n3wj6u/im_a_fan_of_punk_rock_and_im_in_a_band_ama/gwsb20q/,1620081534,2,True,False,AMA,t5_2r4eo,,0,[],
[],,DarthVader108,,,[],,,,text,t2_40ajipin,False,False,[],What does horny smell like?,,,1620051766,{},gwsb033,False,t3_n3nlgv,False,True,t3_n3nlgv,/r/AMA/comments/n3nlgv/im_a_diagnosed_satyromaniac_ama/gwsb033/,1620081504,1,True,False,AMA,t5_2r4eo,,0,[],
[],,kuntvonneguts,,,[],,,,text,t2_5qimouls,False,False,[],"I know it seems hopeless but you havent even entered the prime of your life dude. Make some friends, try some new activities. You won't meet the love of your life on reddit with chatting with us mate.",,,1620051756,{},gwsazah,False,t3_n3uzp0,False,False,t3_n3uzp0,/r/AMA/comments/n3uzp0/i_22m_have_given_up_on_finding_an_so_ama/gwsazah/,1620081492,9,True,False,AMA,t5_2r4eo,,0,[],
[],,WinterBourne25,,,[],,,,text,t2_5ab3mq47,False,True,[],So you grew up together as brother and sister?,,,1620051754,{},gwsaz57,False,t3_n3uy0v,False,True,t1_gwrz199,/r/AMA/comments/n3uy0v/i_am_married_to_my_step_brother_ama/gwsaz57/,1620081490,85,True,False,AMA,t5_2r4eo,,0,[],
[],,currrvyCat,,,[],,,,text,t2_bpxnah6u,False,True,[],I'm not sure if I can leave my link here but you can visit my profile,,,1620051732,{},gwsaxg1,True,t3_n3u8o0,False,True,t1_gws996n,/r/AMA/comments/n3u8o0/im_a_top_5_onlyfans_model_ama/gwsaxg1/,1620081462,1,True,False,AMA,t5_2r4eo,,0,[],
[],,AutisticNymphomaniac,,,[],,,,text,t2_9oddf887,False,False,[],"Yeah, I went on this thing called Atarax earlier, still use it, but now it just makes me sleepy so it doesn't do the same job anymore.",,,1620051665,{},gwsas55,True,t3_n3nlgv,False,True,t1_gwrpe0w,/r/AMA/comments/n3nlgv/im_a_diagnosed_satyromaniac_ama/gwsas55/,1620081380,2,True,False,AMA,t5_2r4eo,,0,[],
[],,artistmystic112,,,[],,,,text,t2_1g5krhm0,False,False,[],"The language and various cultural traditions. Picked up some basic spanish from my neighborhood in chicago - it was all fellow immigrants from puerto rico, mexico, and haiti. Language I learned through PBS TV watching Arthur and Zoom. 

Culturally Americans did not understand family roots versus the individual (it is still something I am working through). The indebtedness to family and roles is ingrained. When I would hear the way kids talked to their parents I was stunned at the disrespect. 

Also finances in America - everything on a credit card or a lot of invisible money. I grew up very frugal (we had to) and it was a treat to get a one slice pizza or a gyro from the greasy spoon down the road. 

We were insulated until maybe until i was 13/14 with just other immigrants or finding the romanian community and when it came to middle school/high school it felt very different. I remember when a kid said I had an accent and I could not pinpoint what that meant.",,,1620051640,{},gwsaq5x,True,t3_n3vvs4,False,False,t1_gws81jz,/r/AMA/comments/n3vvs4/i_am_a_romanian_communist_refugee_that_moved_to/gwsaq5x/,1620081349,43,True,False,AMA,t5_2r4eo,,0,[],
[],,1SexySasquatch,,,[],,,,text,t2_9jgu8tqf,False,False,[],To you as well my friend üòÑüëç,,,1620051638,{},gwsapzq,True,t3_n2va52,False,True,t1_gwpr02j,/r/AMA/comments/n2va52/i_live_in_a_van_down_by_the_river_seriously_i_do/gwsapzq/,1620081347,1,True,False,AMA,t5_2r4eo,,0,[],
[],,Nerves_Edge,,,[],,,,text,t2_2wbx0ejf,False,False,[],"My top ten artists in order (1st to 10th): Joji, rare Americans, virtual riot, IDKHBTFM, eli. , barns Courtney, fog lake, Jeff Williams, owl city, and steam powered giraffe.

Top 10 songs (1st to 10th): worthless (eli), slow dancing in the dark (joji), house of the rising sun (the animals), yeah right (joji), I'm sad (eli), energy drink (virtual riot), i vs i (rare Americans), daylight (joji), in my head (virtual riot), and gas mask (rare Americans).

That is for asking!",,,1620051612,{},gwsanzk,True,t3_mzty0k,False,True,t1_gwrl8hu,/r/AMA/comments/mzty0k/im_a_normal_teen_ama/gwsanzk/,1620081316,1,True,False,AMA,t5_2r4eo,,0,[],
[],,pineapple_llama1717,,,[],,,,text,t2_8nr5fg22,False,False,[],"I‚Äôve heard this a lot from family and friends! In a way it makes me feel worse because I thought that‚Äôs who she was, and it IS who she was for 4 years. It all changed so fast and i don‚Äôt know what I did wrong",,,1620051610,{},gwsant9,True,t3_n3gmnj,False,True,t1_gwsa9hl,/r/AMA/comments/n3gmnj/im_privileged_grew_up_rich_was_gifted_in_school/gwsant9/,1620081313,2,True,False,AMA,t5_2r4eo,,0,[],
[],,AutisticNymphomaniac,,,[],,,,text,t2_9oddf887,False,False,[],"IDK about the US but in my country you need to verify your email and phone number, I aint paying for another mobile plan lol",,,1620051590,{},gwsam68,True,t3_n3nlgv,False,False,t1_gwrp83v,/r/AMA/comments/n3nlgv/im_a_diagnosed_satyromaniac_ama/gwsam68/,1620081287,6,True,False,AMA,t5_2r4eo,,0,[],
[],,jopeisjope,,,[],,,,text,t2_bfrgrsh7,False,False,[],What do you think about Sudanese ppl,,,1620051577,{},gwsal62,False,t3_n3t622,False,False,t3_n3t622,/r/AMA/comments/n3t622/ill_give_my_honest_opinion_on_any_topic_even/gwsal62/,1620081271,1,True,False,AMA,t5_2r4eo,,0,[],
[],,pineapple_llama1717,,,[],,,,text,t2_8nr5fg22,False,False,[],True. I‚Äôve been taking up running and reading and they‚Äôve been helpful. Soon I‚Äôll be able to hang with friends so that will help as well. Thank you for your thoughts!,,,1620051563,{},gwsak47,True,t3_n3gmnj,False,True,t1_gwsa9vn,/r/AMA/comments/n3gmnj/im_privileged_grew_up_rich_was_gifted_in_school/gwsak47/,1620081254,1,True,False,AMA,t5_2r4eo,,0,[],
[],,hereforthenocap,,,[],,,,text,t2_a17cabxx,False,False,[],Does the Romanian chick from the movie dodgeball look anything like Romanian women?,,,1620051547,{},gwsaiut,False,t3_n3vvs4,False,False,t3_n3vvs4,/r/AMA/comments/n3vvs4/i_am_a_romanian_communist_refugee_that_moved_to/gwsaiut/,1620081235,12,True,False,AMA,t5_2r4eo,,0,[],
[],,AutisticNymphomaniac,,,[],,,,text,t2_9oddf887,False,False,[],"Soooo update, my doctor called in sick today, so I'm getting rescheduled for a new appointment.",,,1620051526,{},gwsah6m,True,t3_n3nlgv,False,False,t1_gwr9ny9,/r/AMA/comments/n3nlgv/im_a_diagnosed_satyromaniac_ama/gwsah6m/,1620081209,10,True,False,AMA,t5_2r4eo,,0,[],
[],,iamrockymstar2,,,[],,,,text,t2_be0ez4l3,False,False,[],"I would argue that it depends on who the person chooses as their doctor to go through with the surgery. The more experienced they are, the higher chances of *not* having a botched surgery",,,1620051525,{},gwsah2l,True,t3_n3pwb8,False,True,t1_gwrerl5,/r/AMA/comments/n3pwb8/ama_i_am_a_19_yo_dude_who_wants_to_do_multiple/gwsah2l/,1620081207,1,True,False,AMA,t5_2r4eo,,0,[],
[],,Thatonedumbguitarist,,,[],,,,text,t2_bht0lvpl,False,False,[],"Been singing for about 2 years, guitar  for about 8 months, drums for a year and a half, and bass for a year as of tomorrow. on a scale from 1-10 id give myself a 5-5.5. 1 is Cone from sum 41 and 10 is les claypool so im right around mark hoppus from blink, or Mike dirnt from green day",,,1620051508,{},gwsafpz,True,t3_n3wj6u,False,True,t1_gwsa3dk,/r/AMA/comments/n3wj6u/im_a_fan_of_punk_rock_and_im_in_a_band_ama/gwsafpz/,1620081186,2,True,False,AMA,t5_2r4eo,,0,[],
[],,AutisticNymphomaniac,,,[],,,,text,t2_9oddf887,False,False,[],"This one's a bit difficult to answer, because the smell doesn't just trigger my scent reflexes, but my entire body so it gives a bit of a sensory overload.

Horny smells like... Their personal scent x3, mixed in with the scent of sweaty genitals. That's the best description I can give",,,1620051485,{},gwsadw4,True,t3_n3nlgv,False,False,t1_gws3wut,/r/AMA/comments/n3nlgv/im_a_diagnosed_satyromaniac_ama/gwsadw4/,1620081157,14,True,False,AMA,t5_2r4eo,,0,[],
[],,delancey85,,,[],,,,text,t2_3td9zvy8,False,False,[],And he executes on his ideas üí°,,,1620051482,{},gwsadm5,False,t3_n3r22k,False,True,t1_gwrd3sd,/r/AMA/comments/n3r22k/rich_as_a_child_poor_as_a_teenager_ama/gwsadm5/,1620081153,0,True,False,AMA,t5_2r4eo,,0,[],
[],,Tlyer2,,,[],,,,text,t2_3x88csy8,False,False,[],That‚Äôs kinda chad bro,,,1620051477,{},gwsad8o,False,t3_n3uy0v,False,True,t3_n3uy0v,/r/AMA/comments/n3uy0v/i_am_married_to_my_step_brother_ama/gwsad8o/,1620081147,7,True,False,AMA,t5_2r4eo,,0,[],
[],,HumanStain49,,,[],,,,text,t2_z3sp6,False,False,[],Sure this is cute and all but does he ever take away from real emergencies by hogging up a dispatcher?,,,1620051471,{},gwsact3,False,t3_n3ieub,False,True,t1_gwqhnop,/r/AMA/comments/n3ieub/im_a_911_call_taker_and_used_to_be_a_security/gwsact3/,1620081140,1,True,False,AMA,t5_2r4eo,,0,[],
[],,rihon31042,,,[],,,,text,t2_bju1fjtq,False,False,[],I know that feeling. The trick is to do not think. Don't try finding something you currently think would be fun. Instead find some unusual (harmless) activity you normally wouldn't do. Outside and open air is a bonus. A thing that lets you meet new people is a bonus. Just write ten such activities on paper slips and take one at random.  Force yourself to do this regardless of liking. Evaluate afterwards.,,,1620051434,{},gwsa9vn,False,t3_n3gmnj,False,True,t1_gws7rcx,/r/AMA/comments/n3gmnj/im_privileged_grew_up_rich_was_gifted_in_school/gwsa9vn/,1620081093,1,True,False,AMA,t5_2r4eo,,0,[],
[],,Seaguard5,,,[],,,,text,t2_dzyi8,False,True,[],"That sounds really confusing and frustrating. Yeah, after only two weeks (and I don‚Äôt know anything about the specific situation, but I think you‚Äôre a good guy) when you‚Äôve been together for four years. That is really tough to experience.

Nobody‚Äôs perfect and all relationships and people go through things. That‚Äôs what you‚Äôre partner is there to do- support you and the relationship through those things, as you do for them. That‚Äôs what makes a great relationship great. And if she wasn‚Äôt willing to do that for you, it might be painful to hear now but you deserve better :)",,,1620051429,{},gwsa9hl,False,t3_n3gmnj,False,True,t1_gws9a5q,/r/AMA/comments/n3gmnj/im_privileged_grew_up_rich_was_gifted_in_school/gwsa9hl/,1620081087,1,True,False,AMA,t5_2r4eo,,0,[],
[],,digitalwriternow,,,[],,,,text,t2_4t2cqpe4,False,False,[],"Oh ok. Whenever you like to share something or have doubts, you can send me a private message. I like helping people.",,,1620051423,{},gwsa920,False,t3_n3gmnj,False,True,t1_gws9g4a,/r/AMA/comments/n3gmnj/im_privileged_grew_up_rich_was_gifted_in_school/gwsa920/,1620081080,2,True,False,AMA,t5_2r4eo,,0,[],
[],,Thatonedumbguitarist,,,[],,,,text,t2_bht0lvpl,False,False,[],"You know it! More emphasis on op ivy tho, I like their sound more. I aspire to be like Matt freeman or Tim armstrong, or Jesse Micheals, Hell Id like to be a famous drummer like dave mello as well!! Punk is my specialty in the current stage of my life lol",,,1620051417,{},gwsa8l1,True,t3_n3wj6u,False,False,t1_gwsa00k,/r/AMA/comments/n3wj6u/im_a_fan_of_punk_rock_and_im_in_a_band_ama/gwsa8l1/,1620081072,2,True,False,AMA,t5_2r4eo,,0,[],
[],,hereforthenocap,,,[],,,,text,t2_a17cabxx,False,False,[],What do you smell that‚Äôs not there ?,,,1620051379,{},gwsa5ks,False,t3_n3ws1r,False,True,t3_n3ws1r,/r/AMA/comments/n3ws1r/phantosmia/gwsa5ks/,1620081025,1,True,False,AMA,t5_2r4eo,,0,[],
[],,Christian695,,,[],,,,text,t2_4d2g0io0,False,False,[],"I guess for the real question, how long have you been playing, and how good are you?",,,1620051351,{},gwsa3dk,False,t3_n3wj6u,False,True,t1_gws9psp,/r/AMA/comments/n3wj6u/im_a_fan_of_punk_rock_and_im_in_a_band_ama/gwsa3dk/,1620080971,2,True,False,AMA,t5_2r4eo,,0,[],
[],,bigtex2003,,,[],,,,text,t2_31q2ehfn,False,False,[],LOL you sound like a douche,,,1620051334,{},gwsa24d,False,t3_n3wiqg,False,True,t1_gws89rh,/r/AMA/comments/n3wiqg/im_22_and_about_to_graduate_from_college_despite/gwsa24d/,1620080951,3,True,False,AMA,t5_2r4eo,,0,[],
[],,hereforthenocap,,,[],,,,text,t2_a17cabxx,False,False,[],Lmao you wild,,,1620051332,{},gwsa1xu,False,t3_n3wzyb,False,True,t3_n3wzyb,/r/AMA/comments/n3wzyb/i_once_spent_5_days_without_sleep_and_only_lived/gwsa1xu/,1620080947,1,True,False,AMA,t5_2r4eo,,0,[],
[],,bigtex2003,,,[],,,,text,t2_31q2ehfn,False,False,[],"I don't really have a question, just a comment:

when I graduated college, I wasn't sure what I wanted to pursue either, but over time I found what I really wanted to do.  some of my friends ""knew"" what they wanted to do, but after like 6 months doing that they realized that wasn't for them and made a change.  so don't worry if you don't have it all figured out.  you've got plenty of time",,,1620051318,{},gwsa0tq,False,t3_n3wiqg,False,True,t3_n3wiqg,/r/AMA/comments/n3wiqg/im_22_and_about_to_graduate_from_college_despite/gwsa0tq/,1620080929,1,True,False,AMA,t5_2r4eo,,0,[],
[],,Snoutpile,,,[],,,,text,t2_7ztnedex,False,False,[],Rancid &amp; Operation Ivy fan then? Give The Valkyrians a listen!,,,1620051307,{},gwsa00k,False,t3_n3wj6u,False,False,t1_gws9uv5,/r/AMA/comments/n3wj6u/im_a_fan_of_punk_rock_and_im_in_a_band_ama/gwsa00k/,1620080917,2,True,False,AMA,t5_2r4eo,,0,[],
[],,CliffBurton6286,,,[],,,,text,t2_4jmx24b2,False,True,[],Based,,,1620051302,{},gws9zkv,False,t3_n3p7aq,False,True,t1_gws7z0z,/r/AMA/comments/n3p7aq/im_a_leftist_ama/gws9zkv/,1620080910,1,True,False,AMA,t5_2r4eo,,0,[],
[],,Competitive-Star4289,,,[],,,,text,t2_6m557jsm,False,False,[],"More or less my family makes me play it, I have a Gibson from 2012 that I like to play tho",,,1620051270,{},gws9x31,False,t3_n3wj6u,False,True,t1_gws9nk3,/r/AMA/comments/n3wj6u/im_a_fan_of_punk_rock_and_im_in_a_band_ama/gws9x31/,1620080871,1,True,False,AMA,t5_2r4eo,,0,[],
[],,PoliceThrowaway78,,,[],,,,text,t2_azokx94z,False,False,[],"Me too, that requires reallocation of funding though.",,,1620051254,{},gws9vtz,True,t3_n3pv7i,False,True,t1_gws9c2v,/r/AMA/comments/n3pv7i/british_police_authorised_firearms_officer_ama/gws9vtz/,1620080851,2,True,False,AMA,t5_2r4eo,,0,[],
[],,Thatonedumbguitarist,,,[],,,,text,t2_bht0lvpl,False,False,[],pop punk and ska punk. Me and the guitarist split vocals,,,1620051242,{},gws9uv5,True,t3_n3wj6u,False,True,t1_gws9rql,/r/AMA/comments/n3wj6u/im_a_fan_of_punk_rock_and_im_in_a_band_ama/gws9uv5/,1620080837,2,True,False,AMA,t5_2r4eo,,0,[],
[],,Zighart16,,,[],,,,text,t2_3kce29t0,False,False,[],"Yeah.. I mean the main purpose of this game story is find our sibling which of course we did. Which mean that we already completed the main purpose of this game and now we are basically in a new quest that is exploring Teyvat.   


Honestly.. I can't wait for new region and what they bring for us in the future.  


Also.. I can't believe i found another Noelle Main, she's been my main since i gacha'd her and fell in love with her play style.",,,1620051221,{},gws9t83,False,t3_n3s92z,False,True,t1_gws6ma6,/r/AMA/comments/n3s92z/im_a_genshin_impact_player_who_played_the_game/gws9t83/,1620080811,2,True,False,AMA,t5_2r4eo,,0,[],
[],,Snoutpile,,,[],,,,text,t2_7ztnedex,False,False,[],What kind of stuff do you guys play?,,,1620051202,{},gws9rql,False,t3_n3wj6u,False,True,t1_gws92ob,/r/AMA/comments/n3wj6u/im_a_fan_of_punk_rock_and_im_in_a_band_ama/gws9rql/,1620080788,2,True,False,AMA,t5_2r4eo,,0,[],
[],,Thatonedumbguitarist,,,[],,,,text,t2_bht0lvpl,False,False,[],Thank you good sir.,,,1620051177,{},gws9psp,True,t3_n3wj6u,False,True,t1_gws8k6g,/r/AMA/comments/n3wj6u/im_a_fan_of_punk_rock_and_im_in_a_band_ama/gws9psp/,1620080758,1,True,False,AMA,t5_2r4eo,,0,[],
