all_awardings,associated_award,author,author_flair_background_color,author_flair_css_class,author_flair_richtext,author_flair_template_id,author_flair_text,author_flair_text_color,author_flair_type,author_fullname,author_patreon_flair,author_premium,awarders,body,collapsed_because_crowd_control,comment_type,created_utc,gildings,id,is_submitter,link_id,locked,no_follow,parent_id,permalink,retrieved_on,score,send_replies,stickied,subreddit,subreddit_id,top_awarded_type,total_awards_received,treatment_tags,author_cakeday,distinguished
[],,slashupoke,,,[],,,,text,t2_3otnqwgf,False,False,[],Planet Of The Rapes,,,1620054458,{},gwsgyyc,False,t3_n3usv0,False,True,t3_n3usv0,/r/AskReddit/comments/n3usv0/what_movie_changes_the_plot_if_you_add_a_random_r/gwsgyyc/,1620084927,1,True,False,AskReddit,t5_2qh1i,,0,[],,
[],,Hot_Jello_Mania,,,[],,,,text,t2_81a3xyas,False,False,[],Avengers Assembler,,,1620054458,{},gwsgyy1,False,t3_n3usv0,False,True,t3_n3usv0,/r/AskReddit/comments/n3usv0/what_movie_changes_the_plot_if_you_add_a_random_r/gwsgyy1/,1620084927,1,True,False,AskReddit,t5_2qh1i,,0,[],,
[],,daniel-cruz-campillo,,,[],,,,text,t2_4o6wwuwz,False,False,[],planet of rapes,,,1620054458,{},gwsgyxe,False,t3_n3usv0,False,True,t3_n3usv0,/r/AskReddit/comments/n3usv0/what_movie_changes_the_plot_if_you_add_a_random_r/gwsgyxe/,1620084927,1,True,False,AskReddit,t5_2qh1i,,0,[],,
[],,ripntearuntilitsdone,,,[],,,,text,t2_7edie9bi,False,False,[],Nothing different,,,1620054457,{},gwsgyvj,False,t3_n3ydre,False,False,t3_n3ydre,/r/AskReddit/comments/n3ydre/coronavirus_disappears_for_24_hours_what_do_you_do/gwsgyvj/,1620084926,4,True,False,AskReddit,t5_2qh1i,,0,[],,
[],,114631,,,[],,,,text,t2_7eh0rn,False,False,[],"Probably the truth - that I overslept - you get written up for that. Whereas if you just say ""I didn't feel well"", it's automatically excused.",,,1620054457,{},gwsgyva,False,t3_n3y0pm,False,True,t3_n3y0pm,/r/AskReddit/comments/n3y0pm/whats_the_worst_excuse_youve_made_for_being_late/gwsgyva/,1620084926,1,True,False,AskReddit,t5_2qh1i,,0,[],True,
[],,FrequentSheepherder3,,,[],,,,text,t2_45oaufdn,False,False,[],Yeah but they have little plastic protrusions which are the equivalent of the string.,,,1620054457,{},gwsgyv4,False,t3_n3lp2x,False,False,t1_gwsg3n0,/r/AskReddit/comments/n3lp2x/what_nsfw_question_have_you_always_wanted_to_ask/gwsgyv4/,1620084926,30,True,False,AskReddit,t5_2qh1i,,0,[],,
[],,maplepalmtree,,,[],,,,text,t2_303iv3mv,False,False,[],I have felt this before too- so creepy!,,,1620054457,{},gwsgyut,False,t3_n3it2y,False,True,t1_gwqk6j3,/r/AskReddit/comments/n3it2y/what_is_the_most_creepiest_thing_you_saw_even/gwsgyut/,1620084926,1,True,False,AskReddit,t5_2qh1i,,0,[],,
[],,Diegofr3377,,,[],,,,text,t2_b6qb5yuy,False,False,[],Hobbies.,,,1620054457,{},gwsgyu1,False,t3_n3w2bn,False,False,t3_n3w2bn,/r/AskReddit/comments/n3w2bn/what_are_some_good_topics_of_conversation_which/gwsgyu1/,1620084925,2,True,False,AskReddit,t5_2qh1i,,0,[],,
[],,C4PT41N_C0RP53,,,[],,,,text,t2_903f9gmg,False,False,[],Planet Of The Rapes,,,1620054457,{},gwsgyta,False,t3_n3usv0,False,True,t3_n3usv0,/r/AskReddit/comments/n3usv0/what_movie_changes_the_plot_if_you_add_a_random_r/gwsgyta/,1620084925,1,True,False,AskReddit,t5_2qh1i,,0,[],,
[],,shadow102401,,,[],,,,text,t2_13w68l,False,False,[],We‚Äôre supposed to be entering another ice age but instead we‚Äôre just getting warmer. If we keep this up we‚Äôll just be another Venus,,,1620054457,{},gwsgyt0,False,t3_n3xv94,False,False,t3_n3xv94,/r/AskReddit/comments/n3xv94/are_you_concerned_for_the_future_of_our_planet_if/gwsgyt0/,1620084925,2,True,False,AskReddit,t5_2qh1i,,0,[],,
[],,hemorrhagicfever,,,[],,,,text,t2_7w58r,False,False,[],"Let's say it louder for the people in the back **Designed to look good on camera, not feel good.**",,,1620054456,{},gwsgysa,False,t3_n3lp2x,False,False,t1_gwrj8gy,/r/AskReddit/comments/n3lp2x/what_nsfw_question_have_you_always_wanted_to_ask/gwsgysa/,1620084925,4,True,False,AskReddit,t5_2qh1i,,0,[],,
[],,Big_Cheese16,,,[],,,,text,t2_11dn92,False,False,[],"Had a guy are work. Who was a completely normal guy but he just looked dumb. He used to love having a laugh with everyone and someone stuck a note on his back that read 'I'm a retard' 

Well long story short a customer saw and filed a complaint to head office because a man with special needs was being bullied. 

He was far from special needs, this was his second job, his first job was business manager at a pizza place.",,,1620054456,{},gwsgyrw,False,t3_n3hk94,False,True,t3_n3hk94,/r/AskReddit/comments/n3hk94/has_anyone_wrongfully_assumed_you_were_dumb_and/gwsgyrw/,1620084924,1,True,False,AskReddit,t5_2qh1i,,0,[],,
[],,anonymous_idunno,,,[],,,,text,t2_3k8uz38q,False,False,[],Your nephew would adjust it by himself. Don't worry.,,,1620054456,{},gwsgyqd,False,t3_n3lp2x,False,True,t1_gwro1cv,/r/AskReddit/comments/n3lp2x/what_nsfw_question_have_you_always_wanted_to_ask/gwsgyqd/,1620084924,1,True,False,AskReddit,t5_2qh1i,,0,[],,
[],,Raving_Lunatic69,,,[],,,,text,t2_3t6onfmy,False,False,[],Stay with an emotionally abusive partner,,,1620054455,{},gwsgyoz,False,t3_n3y1yx,False,False,t3_n3y1yx,/r/AskReddit/comments/n3y1yx/whats_the_stupidest_thing_youve_seen_a_smart/gwsgyoz/,1620084923,2,True,False,AskReddit,t5_2qh1i,,0,[],,
[],,Paranoid_Redditor_CA,,,[],,,,text,t2_942l6cuu,False,False,[],Waller,,,1620054454,{},gwsgyna,False,t3_n3usv0,False,True,t3_n3usv0,/r/AskReddit/comments/n3usv0/what_movie_changes_the_plot_if_you_add_a_random_r/gwsgyna/,1620084922,1,True,False,AskReddit,t5_2qh1i,,0,[],,
[],,TheKingOfKings75,,,[],,,,text,t2_22k3oi1a,False,False,[],"As an Italian who has no idea what you are talking about, will be trying this in the future.",,,1620054454,{},gwsgymg,False,t3_n3lp2x,False,False,t1_gwrm9kh,/r/AskReddit/comments/n3lp2x/what_nsfw_question_have_you_always_wanted_to_ask/gwsgymg/,1620084922,6,True,False,AskReddit,t5_2qh1i,,0,[],,
[],,redditorsaretheworst,,,[],,,,text,t2_96qgc,False,False,[],Any less embarrassing than adjusting a wedgie or a bra strap? Sometimes we gotta do a realignment,,,1620054454,{},gwsgym1,False,t3_n3lp2x,False,True,t1_gws345s,/r/AskReddit/comments/n3lp2x/what_nsfw_question_have_you_always_wanted_to_ask/gwsgym1/,1620084922,2,True,False,AskReddit,t5_2qh1i,,0,[],,
[],,IrritableGourmet,,,[],,,,text,t2_3jst5,False,False,[],"In the book Daemon and the sequel Freedom, there's a Gestapo AI entity that handles security for the main AI.",,,1620054453,{},gwsgyik,False,t3_n3usv0,False,True,t1_gws7ng9,/r/AskReddit/comments/n3usv0/what_movie_changes_the_plot_if_you_add_a_random_r/gwsgyik/,1620084920,1,True,False,AskReddit,t5_2qh1i,,0,[],,
[],,notjustsomeonesmum,,,[],,,,text,t2_7zouae2x,False,False,[],"We always argue about how long the decorations should stay up, and I finally won when the morning show on telly backed up my argument that the twelve days of Christmas start on Christmas Day, and thus the decs stay up until at least the 12th day. 

I only put them up around the 13th of December anyway.",,,1620054453,{},gwsgyhw,False,t3_n3pzqu,False,False,t1_gwrs7hz,/r/AskReddit/comments/n3pzqu/what_is_something_that_is_widely_known_but_known/gwsgyhw/,1620084920,12,True,False,AskReddit,t5_2qh1i,,0,[],,
[],,JustAGumdropHipHop,,,[],,,,text,t2_3xwl7ek6,False,False,[],"This would be impossible, unfortunately.  But we could certainly strive for something like this and not get down or defeated when it doesn‚Äôt always work out the way we wanted it to.",,,1620054453,{},gwsgyht,False,t3_n3xic8,False,True,t1_gwscdx0,/r/AskReddit/comments/n3xic8/people_of_reddit_what_is_your_ideal_world/gwsgyht/,1620084920,2,True,False,AskReddit,t5_2qh1i,,0,[],,
[],,Journeyman1993,,,[],,,,text,t2_bkpv26ip,False,False,[],"Here's one for the ladies: Is it really THAT obvious when a dude is DTF? And as a follow up question, aren't you ever curious what it would be like to have casual sex with like... a friend of a friend or whatever?",,,1620054453,{},gwsgyhf,False,t3_n3lp2x,False,True,t3_n3lp2x,/r/AskReddit/comments/n3lp2x/what_nsfw_question_have_you_always_wanted_to_ask/gwsgyhf/,1620084920,1,True,False,AskReddit,t5_2qh1i,,0,[],,
[],,AstroLozza,,,[],,,,text,t2_2sir94m4,False,False,[],"It comes out slowly for the most part. Unless you've been sitting down for a while and then stand in which case there is a bit of a gush. 

It's just like if you have a cut example, bleeds a lot at first but slows down with time. Only stretched out over about a week. Maybe like 3-4 days of heavy bleeding and a day or two just mild. And of course it is internal and a lot more blood.",,,1620054452,{},gwsgyfl,False,t3_n3lp2x,False,True,t1_gwsf1sl,/r/AskReddit/comments/n3lp2x/what_nsfw_question_have_you_always_wanted_to_ask/gwsgyfl/,1620084919,3,True,False,AskReddit,t5_2qh1i,,0,[],,
[],,psychicsword,,,[],,,,text,t2_3fsk5,False,True,[],"I have thick thighs but I can cross my legs. My testicles just move out of the way.

I think the biggest issue is probably testicular mobility and probably hip flexibility.",,,1620054452,{},gwsgyfc,False,t3_n3lp2x,False,True,t1_gwsd2ld,/r/AskReddit/comments/n3lp2x/what_nsfw_question_have_you_always_wanted_to_ask/gwsgyfc/,1620084919,1,True,False,AskReddit,t5_2qh1i,,0,[],,
[],,Neat-Court194,,,[],,,,text,t2_ansrhkvy,False,False,[],You are blessed.,,,1620054452,{},gwsgydq,False,t3_n3lp2x,False,True,t1_gwsfiju,/r/AskReddit/comments/n3lp2x/what_nsfw_question_have_you_always_wanted_to_ask/gwsgydq/,1620084918,3,True,False,AskReddit,t5_2qh1i,,0,[],,
[],,missluluh,,,[],,,,text,t2_6tltgb,False,True,[],"I want to preface this by saying I think I got as lucky as you can with parents. They were consistently supportive, allowed me a lot of independence and trust, and respected boundaries. They were the kind I could call in high school for a ride home if a party got weird. They are generous, not just with me but everyone around them. I am still very close with them and both my brothers.

However, the one area where I think they messed up was in regards to my body. They were very critical of my weight throughout my childhood and teen years. I was never a tiny kid but I wasn't very large, I was a pretty standard size kid for the most part. I played a lot of sports. But my mom was very much a 'do you really need that' type of person with snacks and grocery shopping. They were both very self-critical and into fad diets. When I was a teenager I quit my major sport and as a result put on some weight. At the time I thought I was so fat but looking back I was a size 12 for all of high school. But my parents leveled up the criticism, they got me a Wii Fit for my 16th birthday and mentioned my weight a lot. In another universe I definitely would have had a nasty eating disorder but on the contrast I became very resistant to health and wellness, I hate the gym and I'm weirdly resistant to trying to eat better.

Given all of that I haven't gotten too unhealthy. I'm a bigger girl, between a size 14-18 but nothing extreme. And I've worked really hard to unlearn a lot of that and remind myself that my weight is unrelated to my worth as a person. I'm actually eating healthier now and have learned to make piece with my appearance. My parents still pushed that for a long time, my dad asked every time I saw him if I had started going to the gym yet. My brother finally told them off a couple years back (they never criticized my brothers weight or health at all and both of them had weight fluctuations) and called them out for the harmful behavior. To their credit, they listened, they apologized, and they corrected the behavior. 

There is no good that comes from being critical of your child's weight or appearance. A child's body is going to change and fluctuate and grow. Sometimes that involves gaining weight. If you are genuinely concerned for their health go see a doctor, do not try and get them on a diet yourself. Shaming them isn't helpful, as I mentioned it made me highly resistant to a lot of health and wellness. And looking back, I wasn't unhealthy. At least not any more so than an average teenager. I gained weight after quitting a sport where I practiced 12-15 hours a week which happened to be the same time my breasts and hips developed. It happens.",,,1620054451,{},gwsgycm,False,t3_n3v455,False,False,t3_n3v455,/r/AskReddit/comments/n3v455/what_was_your_parents_biggest_mistake_in_raising/gwsgycm/,1620084917,25,True,False,AskReddit,t5_2qh1i,,0,[],,
[],,ohdiddly,,,[],,,,text,t2_7f2z241q,False,False,[],Maybe ‚Äòcoping strategies‚Äô would be a better way to put it? Bc that‚Äôs not what religion means by definition.,,,1620054451,{},gwsgybm,False,t3_n3xq5m,False,True,t1_gwsfjvl,/r/AskReddit/comments/n3xq5m/not_everybody_has_god_but_everybody_has_religion/gwsgybm/,1620084917,1,True,False,AskReddit,t5_2qh1i,,0,[],,
[],,SirFireball,,,[],,,,text,t2_834ywkj,False,False,[],Hotel Rwanda but underwater?,,,1620054451,{},gwsgyb0,False,t3_n3usv0,False,True,t1_gwscdy1,/r/AskReddit/comments/n3usv0/what_movie_changes_the_plot_if_you_add_a_random_r/gwsgyb0/,1620084917,8,True,False,AskReddit,t5_2qh1i,,0,[],,
[],,thefunnywhereisit,,,[],,,,text,t2_82zhzt2p,False,False,[],Trying to be discreet is difficult,,,1620054450,{},gwsgyas,False,t3_n3lp2x,False,True,t1_gws345s,/r/AskReddit/comments/n3lp2x/what_nsfw_question_have_you_always_wanted_to_ask/gwsgyas/,1620084917,2,True,False,AskReddit,t5_2qh1i,,0,[],,
[],,yeahimtrashuwu,,,[],,,,text,t2_87etu7of,False,False,[],"ah- thank you. No wonder, that cleared it up. Thanks :D",,,1620054450,{},gwsgyaf,False,t3_n3lp2x,False,True,t1_gwsgjj0,/r/AskReddit/comments/n3lp2x/what_nsfw_question_have_you_always_wanted_to_ask/gwsgyaf/,1620084917,1,True,False,AskReddit,t5_2qh1i,,0,[],,
[],,hngghhh,,,[],,,,text,t2_7912i4vm,False,False,[],I would say michonne bc shes a badass but i suck at katanas lol so id rather have guns,,,1620054450,{},gwsgy9n,False,t3_n3t5nf,False,True,t1_gwsgayp,/r/AskReddit/comments/n3t5nf/the_zombie_apocalypse_has_happened_choas/gwsgy9n/,1620084917,2,True,False,AskReddit,t5_2qh1i,,0,[],,
[],,unccl,,,[],,,,text,t2_62yntqd2,False,False,[],Cars,,,1620054449,{},gwsgy6v,False,t3_n3ybnx,False,False,t3_n3ybnx,/r/AskReddit/comments/n3ybnx/what_movies_would_be_better_if_the_main/gwsgy6v/,1620084916,4,True,False,AskReddit,t5_2qh1i,,0,[],,
[],,Brah098,,,[],,,,text,t2_qlnisbh,False,False,[],"Ah, you're a 'three more wishes' kinda person haha. Jk",,,1620054449,{},gwsgy6l,True,t3_n3ye4m,False,True,t1_gwsgtt6,/r/AskReddit/comments/n3ye4m/if_you_could_have_any_pok√©mon_which_would_you/gwsgy6l/,1620084916,1,True,False,AskReddit,t5_2qh1i,,0,[],,
[],,NosferAtchoo,,,[],,,,text,t2_bvqwahw5,False,False,[],Trick question,,,1620054449,{},gwsgy5u,False,t3_n3v455,False,True,t3_n3v455,/r/AskReddit/comments/n3v455/what_was_your_parents_biggest_mistake_in_raising/gwsgy5u/,1620084915,3,True,False,AskReddit,t5_2qh1i,,0,[],,
[],,Bensupercharged,,,[],,,,text,t2_5yjix92n,False,False,[],Your welcome from moana,,,1620054449,{},gwsgy5t,False,t3_n3hftj,False,True,t3_n3hftj,/r/AskReddit/comments/n3hftj/what_song_do_you_currently_have_stuck_in_your_head/gwsgy5t/,1620084915,1,True,False,AskReddit,t5_2qh1i,,0,[],,
[],,Outrageous-Copy29,,,[],,,,text,t2_7517jl5a,False,False,[],"Once I turned left too soon on a very foggy morning and got my car stuck in a concrete culvert. I was going so slow, nothing was damaged except my front tire. I was meeting a friend at 5am (again very dark and thick fog) for a prayer service so I decided to leave the car and come back for it afterwards.  

One part of the prayer service was outside and a cop approached me and asked if the vehicle was mine. I said yes and he went on to explain that I was at risk of being fined for damaging city property (the CONCRETE culvert).  

‚ÄúThanks for caring about my well-being‚Äù I thought silently. I was confused because I hadn‚Äôt damaged anything. I explained about the dark, the fog, how slow I was going, the prayer service, and my plan to call a tow at a reasonable hour of day.  

He proceeded to explain to me (I was a smallish girl in her 20‚Äôs at the time) what a culvert was.  I have a master‚Äôs degree in landscape architecture and have designed culverts, calculates volume of storm water runoff, etc. 

I just listened.

He looked really dumb to me and my friends who knew my background but he never found out how much he sucked at ‚Äúserving and protecting‚Äù",,,1620054449,{},gwsgy5s,False,t3_n3hk94,False,True,t3_n3hk94,/r/AskReddit/comments/n3hk94/has_anyone_wrongfully_assumed_you_were_dumb_and/gwsgy5s/,1620084915,1,True,False,AskReddit,t5_2qh1i,,0,[],,
[],,ItzLog,,,[],,,,text,t2_526qe4xr,False,False,[],"I don't see him anymore and I hope he's gotten it assessed since then, at least!",,,1620054449,{},gwsgy5j,False,t3_n3lp2x,False,True,t1_gws9u94,/r/AskReddit/comments/n3lp2x/what_nsfw_question_have_you_always_wanted_to_ask/gwsgy5j/,1620084915,1,True,False,AskReddit,t5_2qh1i,,0,[],,
[],,eli--12,,,[],,,,text,t2_a1pqk32i,False,False,[],"No worries! I'm actually recovered now so I'm okay. Also, definitely true, would not want to be that guy, that is awful.",,,1620054449,{},gwsgy56,False,t3_n3mov8,False,False,t1_gwrrjq9,/r/AskReddit/comments/n3mov8/you_wake_up_and_its_june_1st_2019_again_what_is/gwsgy56/,1620084915,4,True,False,AskReddit,t5_2qh1i,,0,[],,
[],,ITriedLightningTendr,,,[],,,,text,t2_2i104q,False,False,[],"That's a good point.  If the average person is bad at flirting, and the average person is bad at recognizing being flirted with, that's 50% if we are assuming average success rates, 50% * 50% means that if two people are trying to flirt, there's a 25% chance that one of them will understand, and a 6.25% chance they'll understand they're flirting with eachother.",,,1620054448,{},gwsgy4t,False,t3_n3lp2x,False,False,t1_gwrifag,/r/AskReddit/comments/n3lp2x/what_nsfw_question_have_you_always_wanted_to_ask/gwsgy4t/,1620084915,8,True,False,AskReddit,t5_2qh1i,,0,[],,
[],,chaun2,,,[],,,,text,t2_5mcua,False,False,[],"To quote Rogal Dorn: by being ~~dead~~ confident, in pretend",,,1620054448,{},gwsgy3z,False,t3_n3lp2x,False,True,t1_gwsc0jj,/r/AskReddit/comments/n3lp2x/what_nsfw_question_have_you_always_wanted_to_ask/gwsgy3z/,1620084915,0,True,False,AskReddit,t5_2qh1i,,0,[],,
[],,Pc-Genie,,,[],,,,text,t2_g11y6m,False,False,[],I laughed out loud when I saw this!,,,1620054448,{},gwsgy2u,False,t3_n3x2i1,False,True,t1_gwsdci3,/r/AskReddit/comments/n3x2i1/what_would_be_the_creepiest_gift_card_to_give/gwsgy2u/,1620084914,1,True,False,AskReddit,t5_2qh1i,,0,[],,
[],,SendMeNudesThough,,,[],,,,text,t2_8a01b5zi,False,False,[],"Yes, few people know this due to the appalling state of modern Sex Ed (and the reasons for that are more numerous than I care to get into in a comment section) but bongos were historically played either on the butt or breasts of one's significant other, prior to developing into its own separate  non-biological instrument by capitalist forces wanting to profiteer from this ancient bonding ritual.",,,1620054448,{},gwsgy2i,False,t3_n3lp2x,False,True,t1_gwsghuw,/r/AskReddit/comments/n3lp2x/what_nsfw_question_have_you_always_wanted_to_ask/gwsgy2i/,1620084914,2,True,False,AskReddit,t5_2qh1i,,0,[],,
[],,theneedfull,,,[],,,,text,t2_o7lce,False,False,[],"A couple of the sequels are called Rice Age: Continental Drift and Collision Course, so this would be perfect.",,,1620054448,{},gwsgy2f,False,t3_n3usv0,False,True,t1_gwsg0cq,/r/AskReddit/comments/n3usv0/what_movie_changes_the_plot_if_you_add_a_random_r/gwsgy2f/,1620084914,4,True,False,AskReddit,t5_2qh1i,,0,[],,
[],,AutoModerator,,,[],,,,text,t2_6l4z3,False,True,[],"**Attention! [Serious] Tag Notice**

* [Jokes, puns, and off-topic comments are not permitted](https://www.reddit.com/r/AskReddit/wiki/index#wiki_-rule_6-) in **any** comment, parent or child.

* Parent comments that aren't from the target group will be removed, along with their child replies. 

* Report comments that violate these rules.

Posts that have few relevant answers within the first hour, and posts that are not appropriate for the [Serious] tag will be removed. Consider doing an AMA request instead.

Thanks for your cooperation and enjoy the discussion!


*I am a bot, and this action was performed automatically. Please [contact the moderators of this subreddit](/message/compose/?to=/r/AskReddit) if you have any questions or concerns.*",,,1620054448,{},gwsgy21,False,t3_n3yfg1,True,True,t3_n3yfg1,/r/AskReddit/comments/n3yfg1/serious_guys_do_you_always_feel_shy_or/gwsgy21/,1620084914,1,False,True,AskReddit,t5_2qh1i,,0,[],,moderator
[],,ThrowBackThursday247,,,[],,,,text,t2_aq53x89j,False,False,[],I‚Äôm a submissive female but I kinda wanna dominate a female while my boyfriend watches,,,1620054447,{},gwsgy0t,False,t3_n3y2tv,False,False,t3_n3y2tv,/r/AskReddit/comments/n3y2tv/nsfw_what_kink_would_you_like_to_try/gwsgy0t/,1620084913,3,True,False,AskReddit,t5_2qh1i,,0,[],,
[],,Pure1nsanity,,,[],,,,text,t2_79feucvr,False,False,[],Gotta go clockwise.,,,1620054447,{},gwsgy0n,False,t3_n3gnmq,False,False,t1_gwrrrm7,/r/AskReddit/comments/n3gnmq/whats_a_common_skill_that_you_just_dont_have/gwsgy0n/,1620084913,2,True,False,AskReddit,t5_2qh1i,,0,[],,
[],,TaffWolf,,,[],,,,text,t2_a3s9m,False,False,[],Do all animals belong to us upon death? Do we get to eat any animal when it dies?,,,1620054447,{},gwsgxyx,False,t3_n29moe,False,False,t1_gwsgujg,/r/AskReddit/comments/n29moe/what_is_a_totally_wrong_thing_that_has_become_so/gwsgxyx/,1620084912,1,True,False,AskReddit,t5_2qh1i,,0,[],,
[],,katiesmartcat,,,[],,,,text,t2_gxjnk,False,False,[],Nothing inaccurate about that statement,,,1620054447,{},gwsgxyd,False,t3_n3e501,False,False,t1_gwqw2op,/r/AskReddit/comments/n3e501/which_celebrity_has_blocked_you_on_social_media/gwsgxyd/,1620084912,3,True,False,AskReddit,t5_2qh1i,,0,[],,
[],,poneil,,,[],,,,text,t2_5trfj,False,False,[],Does the mini-series of Stephen King's Bag of Boners count?,,,1620054446,{},gwsgxxe,False,t3_n3usv0,False,True,t1_gws6zny,/r/AskReddit/comments/n3usv0/what_movie_changes_the_plot_if_you_add_a_random_r/gwsgxxe/,1620084912,10,True,False,AskReddit,t5_2qh1i,,0,[],,
[],,Bitey_the_Squirrel,,,[],,,,text,t2_p42iz,False,True,[],"Hire magicians, and use them to create goods people need and sell them. Eventually amass enough wealth to create an electrical infrastructure that is powered off of magic. Get privately hired magicians into key stations of power in all kingdoms. Then use corporation to advance weaponry, and genetic engineering. Use military/magical/technological might to create a monopoly on magical energy. Rule the world.",,,1620054446,{},gwsgxvw,False,t3_n3rjbp,False,True,t3_n3rjbp,/r/AskReddit/comments/n3rjbp/you_are_placed_into_a_high_fantasy_universe_with/gwsgxvw/,1620084911,1,True,False,AskReddit,t5_2qh1i,,0,[],,
[],,pmvegetables,,,[],,,,text,t2_4sslixe9,False,False,[],I'm certainly a better person than I was before! My actions now align with my values of caring for animals and the environment. It is more of an ethical choice than just a dietary preference though.,,,1620054446,{},gwsgxvc,False,t3_n3tpxs,False,False,t1_gws8nrr,/r/AskReddit/comments/n3tpxs/what_doesnt_need_the_hate_it_gets/gwsgxvc/,1620084911,21,True,False,AskReddit,t5_2qh1i,,0,[],,
[],,Quail_eggs_29,,,[],,,,text,t2_16yyo6,False,False,[],What‚Äôs the difference?,,,1620054446,{},gwsgxur,False,t3_n3dyvn,False,True,t1_gws04t6,/r/AskReddit/comments/n3dyvn/employees_of_mcdonalds_what_secrets_did_you/gwsgxur/,1620084910,1,True,False,AskReddit,t5_2qh1i,,0,[],,
[],,Novaseerblyat,,,[],,,,text,t2_1qjfacw3,False,False,[],"BLACKWATER FUCKING PARK.

# YES.",,,1620054446,{},gwsgxuq,False,t3_n3u4gh,False,False,t1_gwry5jo,/r/AskReddit/comments/n3u4gh/what_music_album_never_fails_to_impress_you_on/gwsgxuq/,1620084910,6,True,False,AskReddit,t5_2qh1i,,0,[],,
[],,Llama_queen_OG,,,[],,,,text,t2_621vrk1e,False,False,[],Yes I do!! I even save my favorite ones! And I don't feel uncomfortable at all.,,,1620054445,{},gwsgxtn,False,t3_n3lp2x,False,True,t1_gwre1zq,/r/AskReddit/comments/n3lp2x/what_nsfw_question_have_you_always_wanted_to_ask/gwsgxtn/,1620084910,1,True,False,AskReddit,t5_2qh1i,,0,[],,
[],,Equivalent_Parking_8,,,[],,,,text,t2_a1lxhxjg,False,False,[],Avengers assemble.,,,1620054445,{},gwsgxsz,False,t3_n3ybnx,False,False,t3_n3ybnx,/r/AskReddit/comments/n3ybnx/what_movies_would_be_better_if_the_main/gwsgxsz/,1620084910,3,True,False,AskReddit,t5_2qh1i,,0,[],,
[],,tymek123,,,[],,,,text,t2_sr42hr3,False,False,[],"Ninja.
He posted some shit on Twitter where he was trying to be philosophical and smart so I replied to him to go back to playing fortnite...
He blocked me and my account got suspended for a week smh",,,1620054445,{},gwsgxsh,False,t3_n3e501,False,True,t3_n3e501,/r/AskReddit/comments/n3e501/which_celebrity_has_blocked_you_on_social_media/gwsgxsh/,1620084909,2,True,False,AskReddit,t5_2qh1i,,0,[],,
[],,Unknown0110101,,,[],,,,text,t2_88i3l7ao,False,False,[],Myself. I‚Äôm scared that I might harm others. Considering that somethings you can do stuff without you even knowing. It‚Äôs kinda scary to think about.,,,1620054445,{},gwsgxs7,False,t3_n3qkqe,False,True,t3_n3qkqe,/r/AskReddit/comments/n3qkqe/what_is_your_biggest_fear/gwsgxs7/,1620084909,1,True,False,AskReddit,t5_2qh1i,,0,[],,
[],,Minmax231,,,[],,,,text,t2_j3brd,False,True,[],"Sure, why not?",,,1620054445,{},gwsgxrz,False,t3_n3yea0,False,True,t3_n3yea0,/r/AskReddit/comments/n3yea0/motorcycle_riders_of_reddit_what_is_your_opinion/gwsgxrz/,1620084909,1,True,False,AskReddit,t5_2qh1i,,0,[],,
[],,WorldBiker,,,[],,,,text,t2_tsmgq,False,False,[],Ramityville Horror.,,,1620054444,{},gwsgxrs,False,t3_n3usv0,False,True,t3_n3usv0,/r/AskReddit/comments/n3usv0/what_movie_changes_the_plot_if_you_add_a_random_r/gwsgxrs/,1620084909,1,True,False,AskReddit,t5_2qh1i,,0,[],,
[],,smorkoid,,,[],,,,text,t2_39exwssx,False,False,[],"I'm really glad to read you have such a positive attitude towards life and family now.   It's quite remarkable you've been able to do this, it's something I've never quite managed.",,,1620054444,{},gwsgxrd,False,t3_n3d1ab,False,False,t1_gwr9lv3,/r/AskReddit/comments/n3d1ab/serious_at_what_point_did_you_realise_your/gwsgxrd/,1620084909,4,True,False,AskReddit,t5_2qh1i,,0,[],,
[],,stream-of-tears,,,[],,,,text,t2_bm9w1mzt,False,False,[],And then you see movies where it's like the holy grail of places to fuck,,,1620054444,{},gwsgxpt,False,t3_n3lp2x,False,True,t1_gwrw7fn,/r/AskReddit/comments/n3lp2x/what_nsfw_question_have_you_always_wanted_to_ask/gwsgxpt/,1620084908,3,True,False,AskReddit,t5_2qh1i,,0,[],,
[],,Sea_Dealer1016,,,[],,,,text,t2_aj4agu0v,False,False,[],"It just used to sink in and the skin would hang out. Then, when I let go, it popped back out bigger than before",,,1620054444,{},gwsgxph,False,t3_n3lp2x,False,True,t1_gwsfy3p,/r/AskReddit/comments/n3lp2x/what_nsfw_question_have_you_always_wanted_to_ask/gwsgxph/,1620084908,1,True,False,AskReddit,t5_2qh1i,,0,[],,
[],,[deleted],,,,,,dark,,,,,[],[deleted],,,1620054443,{},gwsgxns,False,t3_n3usv0,False,True,t3_n3usv0,/r/AskReddit/comments/n3usv0/what_movie_changes_the_plot_if_you_add_a_random_r/gwsgxns/,1620084907,1,True,False,AskReddit,t5_2qh1i,,0,[],,
[],,Exter1857,,,[],,,,text,t2_4iwnepvb,False,False,[],*Y - Same*,,,1620054443,{},gwsgxng,False,t3_n3lp2x,False,False,t1_gws6lzc,/r/AskReddit/comments/n3lp2x/what_nsfw_question_have_you_always_wanted_to_ask/gwsgxng/,1620084907,5,True,False,AskReddit,t5_2qh1i,,0,[],,
[],,AMerrickanGirl,,,[],,,,text,t2_147op,False,True,[],"No, a burger bun is a specific type of bun.",,,1620054443,{},gwsgxmi,False,t3_n3dyvn,False,True,t1_gwsf4ak,/r/AskReddit/comments/n3dyvn/employees_of_mcdonalds_what_secrets_did_you/gwsgxmi/,1620084907,-1,True,False,AskReddit,t5_2qh1i,,0,[],,
[],,TrippySkillets97,,,[],,,,text,t2_6qmr6hkj,False,False,[],Not sure why the other comments were removed but basically there was this dude that called me immature for calling onion boy names and that even though he's done awful things I should watch my own character before judging others,,,1620054442,{},gwsgxkt,False,t3_n3e501,False,False,t1_gwr93rz,/r/AskReddit/comments/n3e501/which_celebrity_has_blocked_you_on_social_media/gwsgxkt/,1620084906,5,True,False,AskReddit,t5_2qh1i,,0,[],,
[],,AleksaCamilovic,,,[],,,,text,t2_3dq858u,False,False,[],Uncut Germs,,,1620054441,{},gwsgxil,False,t3_n3usv0,False,True,t3_n3usv0,/r/AskReddit/comments/n3usv0/what_movie_changes_the_plot_if_you_add_a_random_r/gwsgxil/,1620084905,2,True,False,AskReddit,t5_2qh1i,,0,[],,
[],,reconknucktly,,,[],,,,text,t2_8evw6,False,False,[],Double double  Sass burger with *chupacabra* cheese? Count me in!,,,1620054441,{},gwsgxhc,False,t3_n3x274,False,True,t1_gwsg7vu,/r/AskReddit/comments/n3x274/what_if_999_of_what_people_label_conspiracy/gwsgxhc/,1620084905,1,True,False,AskReddit,t5_2qh1i,,0,[],,
[],,Additional-Onion-669,,,[],,,,text,t2_bgio0fb3,False,False,[],"I think too many people don‚Äôt even get the difference between these two, but that‚Äôs what actually makes you a great listener!",,,1620054440,{},gwsgxfc,False,t3_n2l1f9,False,True,t1_gwkxwy9,/r/AskReddit/comments/n2l1f9/whats_a_quote_that_permanently_changed_the_way/gwsgxfc/,1620084904,1,True,False,AskReddit,t5_2qh1i,,0,[],,
[],,[deleted],,,,,,dark,,,,,[],[deleted],,,1620054440,{},gwsgxfb,False,t3_n3usv0,False,True,t3_n3usv0,/r/AskReddit/comments/n3usv0/what_movie_changes_the_plot_if_you_add_a_random_r/gwsgxfb/,1620084904,1,True,False,AskReddit,t5_2qh1i,,0,[],,
[],,extra_soft_tofu,,,[],,,,text,t2_5kaq5fr2,False,False,[],Big Mac sauce,,,1620054440,{},gwsgxew,False,t3_n3y649,False,True,t3_n3y649,/r/AskReddit/comments/n3y649/spongebob_fans_what_kind_of_secrets_do_you_think/gwsgxew/,1620084903,1,True,False,AskReddit,t5_2qh1i,,0,[],,
[],,DolphinPlayz123,,,[],,,,text,t2_9t5mtsvh,False,False,[],"""Dada.""

According to my dad when we were on vacation.",,,1620054440,{},gwsgxdv,False,t3_n3wp8h,False,True,t3_n3wp8h,/r/AskReddit/comments/n3wp8h/what_was_your_first_word_as_baby/gwsgxdv/,1620084903,1,True,False,AskReddit,t5_2qh1i,,0,[],,
[],,bendtowardsthesun,,,[],,,,text,t2_gmtom,False,False,[],Around three liters,,,1620054440,{},gwsgxds,False,t3_n3nxyf,False,True,t3_n3nxyf,/r/AskReddit/comments/n3nxyf/how_much_water_do_you_drink_in_a_day/gwsgxds/,1620084903,1,True,False,AskReddit,t5_2qh1i,,0,[],,
[],,Bongoroach,,,[],,,,text,t2_gaucy,False,False,[],No doubt no doubt,,,1620054440,{},gwsgxdi,False,t3_n3usv0,False,True,t1_gwsbeki,/r/AskReddit/comments/n3usv0/what_movie_changes_the_plot_if_you_add_a_random_r/gwsgxdi/,1620084903,9,True,False,AskReddit,t5_2qh1i,,0,[],,
[],,FlamboyantGayWhore,,,[],,,,text,t2_2pfce9re,False,False,[],I miss Mars Argo so much I hope Brittany Sheets is doing better. I follow her on Tumblr and it seems like she‚Äôs planning to come back eventually,,,1620054440,{},gwsgxd9,False,t3_n3e501,False,True,t1_gwqiyx6,/r/AskReddit/comments/n3e501/which_celebrity_has_blocked_you_on_social_media/gwsgxd9/,1620084903,2,True,False,AskReddit,t5_2qh1i,,0,[],,
[],,Jake123194,,,[],,,,text,t2_1m6e05f,False,True,[],"When a boy and a girl love each other very much, pee pee go in hole",,,1620054439,{},gwsgxb8,False,t3_n3lp2x,False,False,t1_gwsghfi,/r/AskReddit/comments/n3lp2x/what_nsfw_question_have_you_always_wanted_to_ask/gwsgxb8/,1620084903,4,True,False,AskReddit,t5_2qh1i,,0,[],,
[],,Anxiousrabbit23,,,[],,,,text,t2_80fyibs,False,False,[],"This. I‚Äôve never wanted kids. Not as a kid with baby dolls, not as a teen babysitting, and not when I started to think about all the stuff that would happen to my body. I‚Äôm tokophobic AF and the idea of pregnancy and childbirth in depth sends me into an anxiety attack. I kept thinking I‚Äôd want to kids someday but I‚Äôm in my mid twenties and the idea still fills me with dread as I watch people my age have kids.",,,1620054439,{},gwsgxb0,False,t3_n3lp2x,False,False,t1_gwrx9r1,/r/AskReddit/comments/n3lp2x/what_nsfw_question_have_you_always_wanted_to_ask/gwsgxb0/,1620084903,59,True,False,AskReddit,t5_2qh1i,,0,[],,
[],,Titaniumeme,,,[],,,,text,t2_7wmk5g59,False,False,[],Use a hairdryer I swear not even a single molecule is going to show up.,,,1620054439,{},gwsgxay,False,t3_n3lp2x,False,True,t1_gws8nkf,/r/AskReddit/comments/n3lp2x/what_nsfw_question_have_you_always_wanted_to_ask/gwsgxay/,1620084903,2,True,False,AskReddit,t5_2qh1i,,0,[],,
[],,BrosenkranzKeef,,,[],,,,text,t2_c3dty,False,False,[],"Because they've got shit to do and so do I. They're basically family, I trust that they're handling their business and next time we hang we basically start back up where we left off.",,,1620054439,{},gwsgx9w,False,t3_n3lp2x,False,True,t1_gwquiin,/r/AskReddit/comments/n3lp2x/what_nsfw_question_have_you_always_wanted_to_ask/gwsgx9w/,1620084902,1,True,False,AskReddit,t5_2qh1i,,0,[],,
[],,-lil_omega-,,,[],,,,text,t2_bogg83yx,False,False,[],"so many people here are being smart and im sitting here thinking ‚Äúhehe, jawrs‚Äù",,,1620054439,{},gwsgx96,False,t3_n3usv0,False,True,t3_n3usv0,/r/AskReddit/comments/n3usv0/what_movie_changes_the_plot_if_you_add_a_random_r/gwsgx96/,1620084902,1,True,False,AskReddit,t5_2qh1i,,0,[],,
[],,GarnetKitsune,,,[],,,,text,t2_70q487v5,False,False,[],"Fixin' test scores to get the best score.
Droppin' banana peels all over the floor.",,,1620054438,{},gwsgx8s,False,t3_n3usv0,False,True,t1_gwsb0mk,/r/AskReddit/comments/n3usv0/what_movie_changes_the_plot_if_you_add_a_random_r/gwsgx8s/,1620084902,3,True,False,AskReddit,t5_2qh1i,,0,[],,
[],,Therearenogoodnames9,,,[],,,,text,t2_b4sjcu4c,False,False,[],"""Wanna play with me?""",,,1620054438,{},gwsgx6t,False,t3_n3x5fb,False,False,t3_n3x5fb,/r/AskReddit/comments/n3x5fb/if_your_dick_suddenly_got_the_ability_to_speak/gwsgx6t/,1620084901,1,True,False,AskReddit,t5_2qh1i,,0,[],,
[],,batterycat,,,[],,,,text,t2_2mtkw47o,False,False,[],"ah, a fellow ma‚Äôam! in that case, thank you good ma‚Äôam.",,,1620054438,{},gwsgx6k,False,t3_n3e501,False,False,t1_gwsgtv3,/r/AskReddit/comments/n3e501/which_celebrity_has_blocked_you_on_social_media/gwsgx6k/,1620084901,3,True,False,AskReddit,t5_2qh1i,,0,[],,
[],,BasenjiFart,,,[],,,,text,t2_jbs7lp6,False,False,[],"It's like thinned cake batter or maybe an egg white, sticky and lingers in the mouth.",,,1620054438,{},gwsgx6j,False,t3_n3lp2x,False,False,t1_gwsb4su,/r/AskReddit/comments/n3lp2x/what_nsfw_question_have_you_always_wanted_to_ask/gwsgx6j/,1620084901,1,True,False,AskReddit,t5_2qh1i,,0,[],,
[],,kayification,,,[],,,,text,t2_8bqtp,False,False,[],"I could also argue that laws infringe upon my freedom. For example, an abortion does not infringe on anyone other than the person having it, but banning them infringes on women‚Äôs rights to autonomy over their bodies.",,,1620054438,{},gwsgx5h,False,t3_n3xvtb,False,True,t1_gwsf8fm,/r/AskReddit/comments/n3xvtb/what_illegal_things_do_you_think_should_be_legal/gwsgx5h/,1620084900,1,True,False,AskReddit,t5_2qh1i,,0,[],,
[],,PssstHeyBuddy,,,[],,,,text,t2_gpdse,False,False,[],"That sums up your friendship, I wouldn't say it's indicative of masculine friendships in total. Certainly I have four best friends. I regularly msg them, ask about jobs, family, interests, share problems and such.",,,1620054438,{},gwsgx5b,False,t3_n3lp2x,False,False,t1_gwrfmce,/r/AskReddit/comments/n3lp2x/what_nsfw_question_have_you_always_wanted_to_ask/gwsgx5b/,1620084900,15,True,False,AskReddit,t5_2qh1i,,0,[],,
[],,Enticing-Window187,,,[],,,,text,t2_bn5wcmne,False,False,[],"She made it clear to you though that she liked 2 other people at the start, so maybe she told them the same and they fought harder for her? Hence why she went for them and kept you on the side most likely for attention",,,1620054437,{},gwsgx3v,True,t3_n3x93n,False,True,t1_gwsgpxy,/r/AskReddit/comments/n3x93n/worst_date_youve_ever_been_on_and_why/gwsgx3v/,1620084900,1,True,False,AskReddit,t5_2qh1i,,0,[],,
[],,UnderlordZ,,,[],,,,text,t2_9l9si,False,False,[],"A recap of the entire MCU leading up to *Endgame*, as narrated by Luis.",,,1620054437,{},gwsgx3o,False,t3_n3usv0,False,True,t1_gws9kwo,/r/AskReddit/comments/n3usv0/what_movie_changes_the_plot_if_you_add_a_random_r/gwsgx3o/,1620084900,9,True,False,AskReddit,t5_2qh1i,,0,[],,
[],,zcamillion,,,[],,,,text,t2_axsxr,False,False,[],"Ladies this is for all of you that share this sentiment in that all you feel is friction and get sore quickly BUT you want to have penetrative sex I have one word for you. LUBE!!! Lube, lube and if you think you have enough, still use some more! Do you research, see what types works best for you and your body and your partner and/or toys. Let me tell you though, as someone who generates a lot of their own lubrication and is notorious for squirting, I still need lots of lube sometimes to avoid the soreness from the friction and stretching. It‚Äôs one of the things that I can honestly say, you can‚Äôt have too much or more really is more. Now some of you ladies have a condition and lube doesn‚Äôt solve this, but it does make it better. That and some tools and exercises that can help you address that if you want of course. Otherwise I‚Äôd say 100% attention the clit and even a lot of focused attention to the clit can ease the pain of penetration. Make sure your partners are turning you on enough before they try and penetrate. Foreplay!! The vaginal walls will expand/relax during arousal which also helps with the issue too. Tell them boys to: lick it before they stick it ladies!",,,1620054437,{},gwsgx3a,False,t3_n3lp2x,False,True,t1_gwrlkmd,/r/AskReddit/comments/n3lp2x/what_nsfw_question_have_you_always_wanted_to_ask/gwsgx3a/,1620084899,2,True,False,AskReddit,t5_2qh1i,,0,[],,
[],,theWulfofWallSt,,,[],,,,text,t2_aq9sagpt,False,False,[],Radioactive by Imagine Dragons. It‚Äôs stupid I know but I‚Äôve always loved that song ever since I first heard it on the radio in 2013 lol,,,1620054437,{},gwsgx30,False,t3_n3y21q,False,True,t3_n3y21q,/r/AskReddit/comments/n3y21q/what_20132016_song_are_you_still_listening_to/gwsgx30/,1620084899,1,True,False,AskReddit,t5_2qh1i,,0,[],,
[],,Softdrinkskillyou,,,[],,,,text,t2_77y1gtgc,False,False,[],Are you also a guy with a vagina instead of dick?,,,1620054437,{},gwsgx1s,False,t3_n3wkww,False,True,t1_gwsbj9t,/r/AskReddit/comments/n3wkww/females_of_reddit_what_are_the_pros_and_cons_of/gwsgx1s/,1620084899,-5,True,False,AskReddit,t5_2qh1i,,0,[],,
[],,Odd_Cherry1699,,,[],,,,text,t2_7ulqi1gf,False,False,[],Fast and Furrious,,,1620054436,{},gwsgx03,False,t3_n3usv0,False,True,t3_n3usv0,/r/AskReddit/comments/n3usv0/what_movie_changes_the_plot_if_you_add_a_random_r/gwsgx03/,1620084898,1,True,False,AskReddit,t5_2qh1i,,0,[],,
[],,Vegan_Cuz_Im_Awesome,,,[],,,,text,t2_9z7y1tip,False,False,[],"Believe whatever you want dude. I provided sources and included no conspiracies.

How about instead of providing your manifesto you actually respond to my comment, point by point, proving they are conspiracies, falsehoods, lies, rumors and etc.",,,1620054436,{},gwsgx02,False,t3_n34heb,False,True,t1_gwsc39b,/r/AskReddit/comments/n34heb/what_only_exists_because_people_are_stupid/gwsgx02/,1620084898,1,True,False,AskReddit,t5_2qh1i,,0,[],,
[],,SomeGuy20019,,,[],,,,text,t2_3eu41vbv,False,False,[],A musical with A-list celebrities dressed as human abdomination CGI shopping carts? I'm in!,,,1620054436,{},gwsgwzx,False,t3_n3usv0,False,True,t1_gws2s1i,/r/AskReddit/comments/n3usv0/what_movie_changes_the_plot_if_you_add_a_random_r/gwsgwzx/,1620084898,2,True,False,AskReddit,t5_2qh1i,,0,[],,
[],,Codokun,,,[],,,,text,t2_gmeb4,False,False,[],Of course xD I personally love it any time my partner is assertive sexually. Boosts my own confidence and lets me know I am safe with asking (or demanding) similar requests. :p,,,1620054436,{},gwsgwz7,False,t3_n3lp2x,False,True,t1_gwr36v9,/r/AskReddit/comments/n3lp2x/what_nsfw_question_have_you_always_wanted_to_ask/gwsgwz7/,1620084898,1,True,False,AskReddit,t5_2qh1i,,0,[],,
[],,dietderpsy,,,[],,,,text,t2_jj1sp,False,False,[],"That's how they work, they are the biggest real estate company in the world.",,,1620054436,{},gwsgwz6,False,t3_n3dyvn,False,True,t1_gwqlc22,/r/AskReddit/comments/n3dyvn/employees_of_mcdonalds_what_secrets_did_you/gwsgwz6/,1620084898,1,True,False,AskReddit,t5_2qh1i,,0,[],,
[],,TheInspiredConjurer,,,[],,,,text,t2_whvplox,False,False,[],"O_O

you're right.

Jallianwala Bagh is the same as Amritsar.

apparently I'm forgetful also...

Britishers have already apologized for that.

Only Bengal Famine remains.",,,1620054436,{},gwsgwyn,False,t3_n3xqlp,False,True,t1_gwsg975,/r/AskReddit/comments/n3xqlp/serious_why_the_british_have_not_yet_apologized/gwsgwyn/,1620084897,1,True,False,AskReddit,t5_2qh1i,,0,[],,
[],,[deleted],,,,,,dark,,,,,[],[deleted],,,1620054436,{},gwsgwy9,False,t3_n3ydvx,False,True,t3_n3ydvx,/r/AskReddit/comments/n3ydvx/what_was_the_scariest_wtf_is_going_on_moment/gwsgwy9/,1620084897,2,True,False,AskReddit,t5_2qh1i,,0,[],,
[],,SpilledComputerGuts,,,[],,,,text,t2_9ihfpveb,False,False,[],Deactivate my Twitter so I never meet the person who ended up becoming my abusive ex fianc√©e,,,1620054435,{},gwsgww8,False,t3_n3mov8,False,False,t3_n3mov8,/r/AskReddit/comments/n3mov8/you_wake_up_and_its_june_1st_2019_again_what_is/gwsgww8/,1620084896,3,True,False,AskReddit,t5_2qh1i,,0,[],,
[],,CrazyKripple2,,,[],,,,text,t2_11hyvb,False,False,[],He probably slept like a baby afterwards!,,,1620054435,{},gwsgwvo,False,t3_n3lp2x,False,False,t1_gwrspzm,/r/AskReddit/comments/n3lp2x/what_nsfw_question_have_you_always_wanted_to_ask/gwsgwvo/,1620084896,1,True,False,AskReddit,t5_2qh1i,,0,[],,
[],,gohan66119,,,[],,,,text,t2_6wjlzlxy,False,False,[],^ This. It‚Äôs a all known thing among men.,,,1620054435,{},gwsgwuo,False,t3_n3lp2x,False,False,t1_gwscjuk,/r/AskReddit/comments/n3lp2x/what_nsfw_question_have_you_always_wanted_to_ask/gwsgwuo/,1620084896,19,True,False,AskReddit,t5_2qh1i,,0,[],,
[],,hire_power,,,[],,,,text,t2_5wrinh5z,False,False,[],but it‚Äôs proportionately big...if you‚Äôre a double f (g?) cup than you have 7 inches more boob circumference than you have regular ribcage circumference. on a smaller ribcage (band size) that can be a greater physical burden than on a larger one.,,,1620054434,{},gwsgwty,False,t3_n3lp2x,False,False,t1_gwrv1ul,/r/AskReddit/comments/n3lp2x/what_nsfw_question_have_you_always_wanted_to_ask/gwsgwty/,1620084895,5,True,False,AskReddit,t5_2qh1i,,0,[],,
[],,ChineseNoodleDog,,,[],,,,text,t2_5n9bwxqy,False,False,[],Rice Rage,,,1620054434,{},gwsgwsq,False,t3_n3usv0,False,True,t1_gws5xun,/r/AskReddit/comments/n3usv0/what_movie_changes_the_plot_if_you_add_a_random_r/gwsgwsq/,1620084895,1,True,False,AskReddit,t5_2qh1i,,0,[],,
[],,Belladonna9588,,,[],,,,text,t2_3k76ra2e,False,False,[],"Bartman, I'd watch it.",,,1620054434,{},gwsgwsp,False,t3_n3usv0,False,True,t3_n3usv0,/r/AskReddit/comments/n3usv0/what_movie_changes_the_plot_if_you_add_a_random_r/gwsgwsp/,1620084895,1,True,False,AskReddit,t5_2qh1i,,0,[],,
[],,open_your_mouth,,,[],,,,text,t2_oki04,False,False,[],You should have to go commando or wear very loose underwear.,,,1620054434,{},gwsgwsi,False,t3_n3lp2x,False,True,t1_gwqmuox,/r/AskReddit/comments/n3lp2x/what_nsfw_question_have_you_always_wanted_to_ask/gwsgwsi/,1620084895,2,True,False,AskReddit,t5_2qh1i,,0,[],,
[],,browndown2,,,[],,,,text,t2_4fhkn3q1,False,False,[],Why?,,,1620054434,{},gwsgwse,True,t3_n3ybg3,False,True,t1_gwsgg8n,/r/AskReddit/comments/n3ybg3/people_who_shit_in_store_fitting_rooms_clothing/gwsgwse/,1620084895,1,True,False,AskReddit,t5_2qh1i,,0,[],,
[],,PlatypusBuhBanana,,,[],,,,text,t2_3yz9trdu,False,False,[],"Tyy

And sure I'll check out ur post",,,1620054434,{},gwsgws2,True,t3_n3m4m7,False,False,t1_gwsgafi,/r/AskReddit/comments/n3m4m7/why_would_you_leave_a_comment_on_this_post/gwsgws2/,1620084894,1,True,False,AskReddit,t5_2qh1i,,0,[],,
[],,PlatypusBuhBanana,,,[],,,,text,t2_3yz9trdu,False,False,[],"Tyy

And sure I'll check out ur post",,,1620054434,{},gwsgwru,True,t3_n3m4m7,False,False,t1_gwsgafi,/r/AskReddit/comments/n3m4m7/why_would_you_leave_a_comment_on_this_post/gwsgwru/,1620084894,1,True,False,AskReddit,t5_2qh1i,,0,[],,
[],,KirjavaMX,,,[],,,,text,t2_3atb6eoj,False,False,[],"Sometimes lifting them from below is entertaining. Similar to using a stress ball or a fidget toy. Not in public, of course.",,,1620054433,{},gwsgwqf,False,t3_n3lp2x,False,False,t1_gwr61bo,/r/AskReddit/comments/n3lp2x/what_nsfw_question_have_you_always_wanted_to_ask/gwsgwqf/,1620084894,1,True,False,AskReddit,t5_2qh1i,,0,[],,
[],,anonymousbully665,,,[],,,,text,t2_bd5da7fv,False,False,[],Nissin Chow Mein teriyaki beef flavored instant noodles ü§£ i just love the flavored.,,,1620054433,{},gwsgwox,False,t3_n3vl9o,False,True,t3_n3vl9o,/r/AskReddit/comments/n3vl9o/what_are_you_addicted_to_that_isnt_drugs_or/gwsgwox/,1620084893,2,True,False,AskReddit,t5_2qh1i,,0,[],,
[],,Small_Frame1912,,,[],,,,text,t2_au5q1g4c,False,False,[],"Its continually bleeding, so while you could do that its also impractical if youre going outside and stuff. Like imagine at work getting up every 10minutes to wash your underwear then having to sit in that wet underwear.",,,1620054433,{},gwsgwoo,False,t3_n3lp2x,False,True,t1_gwsg5w0,/r/AskReddit/comments/n3lp2x/what_nsfw_question_have_you_always_wanted_to_ask/gwsgwoo/,1620084893,1,True,False,AskReddit,t5_2qh1i,,0,[],,
[],,Haber-Dashing,,,[],,,,text,t2_fo46pg5,False,False,[],Oooh that‚Äôs a good one,,,1620054433,{},gwsgwol,True,t3_n3y48h,False,True,t1_gwsgj5z,/r/AskReddit/comments/n3y48h/what_are_some_of_your_favorite_quotes_or_phrases/gwsgwol/,1620084893,2,True,False,AskReddit,t5_2qh1i,,0,[],,
[],,yetrye566,,,[],,,,text,t2_6z0bz6yr,False,False,[],Because a car horn stimulates the senses while the light is just a light,,,1620054433,{},gwsgwo8,False,t3_n3t3t4,False,True,t3_n3t3t4,/r/AskReddit/comments/n3t3t4/if_light_travels_faster_than_sound_then_why_can/gwsgwo8/,1620084893,1,True,False,AskReddit,t5_2qh1i,,0,[],,
[],,Sn4Ke_,,,[],,,,text,t2_8v7k23az,False,False,[],"My Beautiful Dark Twisted Fantasy - Kanye West

With every second of this album you can hear the thousands of hours of hard work put in by some of the greatest producers and musicians of all time.",,,1620054432,{},gwsgwm6,False,t3_n3u4gh,False,False,t3_n3u4gh,/r/AskReddit/comments/n3u4gh/what_music_album_never_fails_to_impress_you_on/gwsgwm6/,1620084893,0,True,False,AskReddit,t5_2qh1i,,0,[],,
[],,StenSoft,,,[],,,,text,t2_ly0l0,False,False,[],"Lawyers just love doublets (two synonyms)!

null and void

terms and conditions

cease and desist

assault and battery

They simply need their law and order.",,,1620054432,{},gwsgwlo,False,t3_n3pzqu,False,False,t1_gws3j4t,/r/AskReddit/comments/n3pzqu/what_is_something_that_is_widely_known_but_known/gwsgwlo/,1620084893,56,True,False,AskReddit,t5_2qh1i,,0,[],,
[],,PacManAteMyDonut,,,[],,,,text,t2_6kjz33g4,False,False,[],"I sometimes get it out of nowhere. I'll just be sitting down and i'll go to cross my legs or something and my balls are extremely sensitive and hurt to be touched by anything. There must be different ways to get blue balls though cause I masturbate almost every day, I'm just not sure what else causes it.",,,1620054432,{},gwsgwl9,False,t3_n3lp2x,False,True,t1_gwr3yrx,/r/AskReddit/comments/n3lp2x/what_nsfw_question_have_you_always_wanted_to_ask/gwsgwl9/,1620084892,1,True,False,AskReddit,t5_2qh1i,,0,[],,
[],,gurnsey79,,,[],,,,text,t2_aoo7bn9f,False,False,[],"Haha yeah, I find ""the bit between your balls and your arsehole"" to be the best way to describe it to someone",,,1620054431,{},gwsgwkr,False,t3_n3lp2x,False,True,t1_gwsgqf2,/r/AskReddit/comments/n3lp2x/what_nsfw_question_have_you_always_wanted_to_ask/gwsgwkr/,1620084892,1,True,False,AskReddit,t5_2qh1i,,0,[],,
[],,hawkinsthe3rd,,,[],,,,text,t2_lsk9fkj,False,False,[],"It wouldn‚Äôt be pink, it would be green because we all named that color green.",,,1620054431,{},gwsgwkl,False,t3_n3w7nv,False,True,t1_gws54rd,/r/AskReddit/comments/n3w7nv/what_if_everyone_sees_a_different_shade_of_color/gwsgwkl/,1620084892,1,True,False,AskReddit,t5_2qh1i,,0,[],,
[],,CausticSofa,,,[],,,,text,t2_6vfp3,False,False,[],"I‚Äôm a big fan of timed release melatonin, but when I was living in a very stressful situation it wasn‚Äôt able to best my frequent cortisol spikes. I had to do a lot to reprogram my sleep habits. 

On the plus side: six hours means you‚Äôre getting 4 out of the 5 sleep cycles your brain and body need, so if you can overcome this hurdle, you‚Äôre very close to regular ole‚Äô good night‚Äôs rest.",,,1620054431,{},gwsgwkj,False,t3_n3pzqu,False,True,t1_gws884u,/r/AskReddit/comments/n3pzqu/what_is_something_that_is_widely_known_but_known/gwsgwkj/,1620084892,1,True,False,AskReddit,t5_2qh1i,,0,[],,
[],,span_of_atten,,,[],,,,text,t2_5um8r38h,False,True,[],Forest Grump,,,1620054431,{},gwsgwjg,False,t3_n3usv0,False,True,t3_n3usv0,/r/AskReddit/comments/n3usv0/what_movie_changes_the_plot_if_you_add_a_random_r/gwsgwjg/,1620084892,1,True,False,AskReddit,t5_2qh1i,,0,[],,
[],,Smiles_will_help,,,[],,,,text,t2_3ynybn47,False,False,[],Fuck you Hitler.,,,1620054431,{},gwsgwj8,False,t3_n3y1zx,False,True,t3_n3y1zx,/r/AskReddit/comments/n3y1zx/what_is_one_thing_that_you_wanted_to_tell_someone/gwsgwj8/,1620084892,3,True,False,AskReddit,t5_2qh1i,,0,[],,
[],,G8kpr,,,[],,,,text,t2_6w0v8,False,False,[],"Women: there is a lot of porn where guys just cum all over the woman‚Äôs face. Honestly, is this enjoyable at all? I just imagine this sticky stuff all over the girl and they have to get up and walk to the bathroom and start washing their face and now its in their hair, and oh god its everywhere‚Ä¶ to me, it doesn't seem like it would be that enjoyable, it also feels disrespectful to me.

I also wonder about women that swallow, is gulping down male semen that enjoyable?",,,1620054431,{},gwsgwia,False,t3_n3lp2x,False,False,t3_n3lp2x,/r/AskReddit/comments/n3lp2x/what_nsfw_question_have_you_always_wanted_to_ask/gwsgwia/,1620084890,1,True,False,AskReddit,t5_2qh1i,,0,[],,
[],,OmarBarksdale,,,[],,,,text,t2_k7l63,False,False,[],Bratman,,,1620054430,{},gwsgwhc,False,t3_n3usv0,False,True,t1_gws311f,/r/AskReddit/comments/n3usv0/what_movie_changes_the_plot_if_you_add_a_random_r/gwsgwhc/,1620084890,2,True,False,AskReddit,t5_2qh1i,,0,[],,
[],,WakandaZad,,,[],,,,text,t2_30flbf5t,False,False,[],Yea. Get tired bored the energy isn't good,,,1620054429,{},gwsgwdo,False,t3_n3lp2x,False,False,t1_gwsg9mc,/r/AskReddit/comments/n3lp2x/what_nsfw_question_have_you_always_wanted_to_ask/gwsgwdo/,1620084889,1,True,False,AskReddit,t5_2qh1i,,0,[],,
[],,Calbinan,,,[],,,,text,t2_42bruz63,False,False,[],"If you get into a lot of arguments with many different people every day, you‚Äôre the crazy one.",,,1620054429,{},gwsgwdc,False,t3_n3y91g,False,False,t3_n3y91g,/r/AskReddit/comments/n3y91g/whats_a_small_thing_everyone_should_know/gwsgwdc/,1620084889,3,True,False,AskReddit,t5_2qh1i,,0,[],,
[],,f1fan6890,,,[],,,,text,t2_4p8c4vug,False,False,[],Furry,,,1620054429,{},gwsgwc0,False,t3_n3usv0,False,True,t3_n3usv0,/r/AskReddit/comments/n3usv0/what_movie_changes_the_plot_if_you_add_a_random_r/gwsgwc0/,1620084888,2,True,False,AskReddit,t5_2qh1i,,0,[],,
[],,Analyst_Rude,,,[],,,,text,t2_7bow8exa,False,False,[],"Citizen kKaner
Sort of rediscovering the top.tiwr strain of skunk 'rosebud'


Pulp Friction
The sword scene for the full 2hr 58mins


Top Hart
Tapdancing deer.",,,1620054429,{},gwsgwbm,False,t3_n3usv0,False,True,t3_n3usv0,/r/AskReddit/comments/n3usv0/what_movie_changes_the_plot_if_you_add_a_random_r/gwsgwbm/,1620084888,1,True,False,AskReddit,t5_2qh1i,,0,[],,
[],,stephenBB81,,,[],,,,text,t2_g4d4r,False,False,[],"Against it.  They need Free quality K-12 education first.

Free college education will just create bigger barriers to getting into the job market.

Look at Canada, one of the highest educated countries in the world by % of population, yet wages lag and job requirements often include degrees.

Post secondary education in the US has become a profit generating system like the prisons, making them free will continue to perpetuate the business of education, not actually providing good education.",,,1620054429,{},gwsgwbg,False,t3_n3y6be,False,True,t3_n3y6be,/r/AskReddit/comments/n3y6be/whats_your_take_on_free_college_tuition_in_the/gwsgwbg/,1620084888,1,True,False,AskReddit,t5_2qh1i,,0,[],,
[],,Competitive-Run-1773,,,[],,,,text,t2_80q369rf,False,False,[],"That sounds like a great idea, let me try it.",,,1620054428,{},gwsgw9z,False,t3_n2ni11,False,True,t1_gwm94c9,/r/AskReddit/comments/n2ni11/whats_on_your_antibucket_list_something_youll/gwsgw9z/,1620084887,1,True,False,AskReddit,t5_2qh1i,,0,[],,
[],,Ironic-Icon,,,[],,,,text,t2_ar1o39zl,False,False,[],Avoiding big crowds I think will be a thing.,,,1620054428,{},gwsgw9b,False,t3_n3ye3w,False,False,t3_n3ye3w,/r/AskReddit/comments/n3ye3w/what_are_some_habitsquirks_people_will_have_from/gwsgw9b/,1620084887,4,True,False,AskReddit,t5_2qh1i,,0,[],,
[],,phineas42,,,[],,,,text,t2_e26u0,False,False,[],The R Matrix,,,1620054428,{},gwsgw96,False,t3_n3usv0,False,True,t3_n3usv0,/r/AskReddit/comments/n3usv0/what_movie_changes_the_plot_if_you_add_a_random_r/gwsgw96/,1620084887,1,True,False,AskReddit,t5_2qh1i,,0,[],,
[],,VarialFalcon,,,[],,,,text,t2_9y6k3u5d,False,False,[],There is no SYSTEM of beliefs is what I said.,,,1620054428,{},gwsgw8y,False,t3_n3tpxs,False,False,t1_gwsf0zt,/r/AskReddit/comments/n3tpxs/what_doesnt_need_the_hate_it_gets/gwsgw8y/,1620084887,5,True,False,AskReddit,t5_2qh1i,,0,[],,
[],,shinyphanpy,,,[],,,,text,t2_b81hj,False,False,[],I‚Äôve never been horny for a friend I wasn‚Äôt physically attracted to what even... y‚Äôall are wilding,,,1620054427,{},gwsgw7n,False,t3_n3lp2x,False,True,t1_gwrh82g,/r/AskReddit/comments/n3lp2x/what_nsfw_question_have_you_always_wanted_to_ask/gwsgw7n/,1620084886,0,True,False,AskReddit,t5_2qh1i,,0,[],,
[],,HighPriest_of_Bombur,,,[],,,,text,t2_97nto074,False,False,[],‚ÄúZoinks! it‚Äôs a Nazg√ªl!!‚Äù,,,1620054427,{},gwsgw6j,False,t3_n3usv0,False,True,t1_gws8koh,/r/AskReddit/comments/n3usv0/what_movie_changes_the_plot_if_you_add_a_random_r/gwsgw6j/,1620084886,7,True,False,AskReddit,t5_2qh1i,,0,[],,
[],,shavarg0,,,[],,,,text,t2_ju0cw,False,False,[],"Do you know what gender I am?

That'sthejoke.gif 

Fall into my net idiot",,,1620054427,{},gwsgw69,False,t3_n3lp2x,False,True,t1_gwsgnod,/r/AskReddit/comments/n3lp2x/what_nsfw_question_have_you_always_wanted_to_ask/gwsgw69/,1620084886,1,True,False,AskReddit,t5_2qh1i,,0,[],,
[],,RichMasterT,,,[],,,,text,t2_u0oas,False,False,[],i‚Äôd rather call it ‚Äúwack‚Äù,,,1620054427,{},gwsgw68,False,t3_n3dyvn,False,True,t1_gwqugyh,/r/AskReddit/comments/n3dyvn/employees_of_mcdonalds_what_secrets_did_you/gwsgw68/,1620084886,2,True,False,AskReddit,t5_2qh1i,,0,[],,
[],,CumboxMold,,,[],,,,text,t2_1iyspf,False,False,[],"I'm still unable to have a healthy relationship with a man (almost in my mid-30s) because I had to learn about sex on my own, and this turned out to be from playground gossip, informative books, and later the internet. Fortunately for me, the internet sources were legit and educational but of course some (a lot of) porn slipped in too. I still think a good girlfriend should behave like a porn star and subordinate herself to a man, even though I have done this multiple times and it doesn't work. I just blame my unattractiveness because... that's what men want, right? A woman in lingerie/naked other than an apron to greet them with a beer and a BJ when they come home from work?

I have no idea what a healthy relationship looks like because my parents, even though they remained together the whole time, never taught me anything out of ""protecting my innocence"".",,,1620054427,{},gwsgw5i,False,t3_n3v455,False,False,t1_gwsdst0,/r/AskReddit/comments/n3v455/what_was_your_parents_biggest_mistake_in_raising/gwsgw5i/,1620084886,36,True,False,AskReddit,t5_2qh1i,,0,[],,
[],,KrimKarma,,,[],,,,text,t2_2l8fpvhs,False,False,[],So what is a decent length?,,,1620054427,{},gwsgw48,False,t3_n3lp2x,False,True,t1_gwsgh3b,/r/AskReddit/comments/n3lp2x/what_nsfw_question_have_you_always_wanted_to_ask/gwsgw48/,1620084885,1,True,False,AskReddit,t5_2qh1i,,0,[],,
[],,RickySlayer9,,,[],,,,text,t2_137fro,False,False,[],"I‚Äôm 99% certain that your semen is a base to counter the acidic urine, so your little swimmers aren‚Äôt just melted upon arrival",,,1620054426,{},gwsgw33,False,t3_n3lp2x,False,True,t1_gwrrfog,/r/AskReddit/comments/n3lp2x/what_nsfw_question_have_you_always_wanted_to_ask/gwsgw33/,1620084885,1,True,False,AskReddit,t5_2qh1i,,0,[],,
[],,TheVillainousOne,,,[],,,,text,t2_u3bvczd,False,False,[],planet  of  the  rapes,,,1620054426,{},gwsgw1o,False,t3_n3usv0,False,True,t3_n3usv0,/r/AskReddit/comments/n3usv0/what_movie_changes_the_plot_if_you_add_a_random_r/gwsgw1o/,1620084884,1,True,False,AskReddit,t5_2qh1i,,0,[],,
[],,messmaker523,,,[],,,,text,t2_bufo9p94,False,False,[],"When I realized I was hooked on opiates at 17 years old. This was in the mid 90s. Long before the ""epidemic""",,,1620054425,{},gwsgw0k,False,t3_n3d1ab,False,False,t3_n3d1ab,/r/AskReddit/comments/n3d1ab/serious_at_what_point_did_you_realise_your/gwsgw0k/,1620084883,1,True,False,AskReddit,t5_2qh1i,,0,[],,
[],,Baron_Meliadus,,,[],,,,text,t2_pk23g,False,False,[],"I've never seen the show

You're basing this on a creepy 'feeling' you get because a male character is alone with a child; this just shows your own inherent bias

There is no age, before or after puberty that isn't at risk from paedophiles or sex offenders. Their crimes target all ages

The actor in question doesn't choose the scenes, he performs the script as it is given to him by the writers &amp; under supervision of the director &amp; behind the scenes staff and crew

An accusation of child abuse can ruin a persons life &amp; shouldn't be thrown about lightly because you don't like someone",,,1620054425,{},gwsgvzy,False,t3_n3y4wg,False,False,t1_gwsg4kv,/r/AskReddit/comments/n3y4wg/is_it_weird_that_sam_mcguire_from_lizzie_mcguire/gwsgvzy/,1620084883,2,True,False,AskReddit,t5_2qh1i,,0,[],,
[],,bubba7557,,,[],,,,text,t2_8h6jha6s,False,False,[],Practically nothing is what I heard,,,1620054425,{},gwsgvyh,False,t3_n3lp2x,False,False,t1_gwrswct,/r/AskReddit/comments/n3lp2x/what_nsfw_question_have_you_always_wanted_to_ask/gwsgvyh/,1620084883,3,True,False,AskReddit,t5_2qh1i,,0,[],,
[],,AncientDominion,,,[],,,,text,t2_9drxn8qb,False,False,[],"Makes you feel powerful for the first hour or two, then it hurts. Not so bad in certain heels though. Pumps or stilettos? Those tend to hurt the most. Shoes with wider heels and/or less material around the toe and heel area tend to hurt less imo.",,,1620054425,{},gwsgvy6,False,t3_n3lp2x,False,True,t1_gwsgjoa,/r/AskReddit/comments/n3lp2x/what_nsfw_question_have_you_always_wanted_to_ask/gwsgvy6/,1620084882,2,True,False,AskReddit,t5_2qh1i,,0,[],,
[],,CompleX999,,,[],,,,text,t2_l6xwd,False,True,[],"Soo, just a documentary then?",,,1620054425,{},gwsgvxs,False,t3_n3usv0,False,True,t1_gwrz1br,/r/AskReddit/comments/n3usv0/what_movie_changes_the_plot_if_you_add_a_random_r/gwsgvxs/,1620084882,0,True,False,AskReddit,t5_2qh1i,,0,[],,
[],,rhutanium,,,[],,,,text,t2_2i6t8c16,False,False,[],"Take a finger and push it upwards right behind your nutsack (not that far back, you kinky bastards), you‚Äôll get the rest of it out.",,,1620054425,{},gwsgvxl,False,t3_n3lp2x,False,True,t1_gwrwwfd,/r/AskReddit/comments/n3lp2x/what_nsfw_question_have_you_always_wanted_to_ask/gwsgvxl/,1620084882,1,True,False,AskReddit,t5_2qh1i,,0,[],,
[],,Doghowl,,,[],,,,text,t2_123s9i,False,False,[],Groundhog Dray‚Ä¶‚Ä¶ A woodchuck drags a wagon through town every day in the same way at the same time‚Ä¶.,,,1620054424,{},gwsgvw2,False,t3_n3usv0,False,True,t3_n3usv0,/r/AskReddit/comments/n3usv0/what_movie_changes_the_plot_if_you_add_a_random_r/gwsgvw2/,1620084881,1,True,False,AskReddit,t5_2qh1i,,0,[],,
[],,Kami_No_Tanjou,,,[],,,,text,t2_ds86a,False,False,[],yes but 90% of the time when it hurts its morning wood,,,1620054424,{},gwsgvva,False,t3_n3lp2x,False,True,t1_gwqrmuq,/r/AskReddit/comments/n3lp2x/what_nsfw_question_have_you_always_wanted_to_ask/gwsgvva/,1620084881,1,True,False,AskReddit,t5_2qh1i,,0,[],,
[],,somecallmenonny,,,[],,,,text,t2_oronj,False,False,[],"It's basically dry cotton. Uncomfortable if I'm dry, less uncomfortable if I'm bleeding more because it'll slide in easier. It's never pleasant.

In theory, yes, but not everyone is capable of experiencing one. With a partner who *can* have one, it'll generally take a lot more time and effort than a vaginal or clitoral orgasm.

Period pain varies widely from person to person. Mine make me sore and cranky, but it's just an inconvenience. My sister's periods always rendered her immobile from pain.

Different strokes for different folks. I'm bi and I like asses in general.",,,1620054424,{},gwsgvv9,False,t3_n3lp2x,False,True,t1_gwscda3,/r/AskReddit/comments/n3lp2x/what_nsfw_question_have_you_always_wanted_to_ask/gwsgvv9/,1620084881,2,True,False,AskReddit,t5_2qh1i,,0,[],,
[],,Daddled0o,,,[],,,,text,t2_359w16yj,False,False,[],"Which, unfortunately, could just be a documentary abouth Earth.",,,1620054423,{},gwsgvs0,False,t3_n3usv0,False,True,t1_gwsbviw,/r/AskReddit/comments/n3usv0/what_movie_changes_the_plot_if_you_add_a_random_r/gwsgvs0/,1620084880,2,True,False,AskReddit,t5_2qh1i,,0,[],,
[],,Economy_Pear_4039,,,[],,,,text,t2_aon3t8ae,False,False,[],Being disappointed,,,1620054423,{},gwsgvrl,False,t3_n3xbh3,False,False,t3_n3xbh3,/r/AskReddit/comments/n3xbh3/whats_your_biggest_fear/gwsgvrl/,1620084880,1,True,False,AskReddit,t5_2qh1i,,0,[],,
[],,0tter501,,,[],,,,text,t2_7klzr3kk,False,False,[],What if it is a ghost that is touching your balls using your own hand like ‚ÄúNice balls Jeffery‚Äù,,,1620054423,{},gwsgvrk,False,t3_n3lp2x,False,False,t1_gwrqff2,/r/AskReddit/comments/n3lp2x/what_nsfw_question_have_you_always_wanted_to_ask/gwsgvrk/,1620084880,1,True,False,AskReddit,t5_2qh1i,,0,[],,
[],,CannibalAnn,,,[],,,,text,t2_6zsu1,False,False,[],"Dick push ups, you only need one!",,,1620054423,{},gwsgvqw,False,t3_n3usv0,False,True,t1_gwsfh9r,/r/AskReddit/comments/n3usv0/what_movie_changes_the_plot_if_you_add_a_random_r/gwsgvqw/,1620084879,7,True,False,AskReddit,t5_2qh1i,,0,[],,
[],,MissionIgnorance,,,[],,,,text,t2_63bhx,False,False,[],Pretty much always on long plane/train rides. Random attraction boners becomes less and less common as puberty gets more distant.,,,1620054422,{},gwsgvpx,False,t3_n3lp2x,False,True,t1_gwrqux8,/r/AskReddit/comments/n3lp2x/what_nsfw_question_have_you_always_wanted_to_ask/gwsgvpx/,1620084879,1,True,False,AskReddit,t5_2qh1i,,0,[],,
[],,Rhm96,,,[],,,,text,t2_4o4eqx5f,False,False,[],If it s average I don‚Äôt think so,,,1620054422,{},gwsgvo8,True,t3_n3ycah,False,True,t1_gwsgrel,/r/AskReddit/comments/n3ycah/if_you_were_on_your_deathbed_right_now_what_would/gwsgvo8/,1620084878,1,True,False,AskReddit,t5_2qh1i,,0,[],,
[],,laplongejr,,,[],,,,text,t2_4zwkn5uk,False,False,[],"To be fair that's not new, French author Emile Zola used it several centuries ago  
In ""Le Bonheur des dames"", the heroine is talking with her brother visiting at work, when she notices the brother was noticed, she supplies him to go outside before the staff has the time to talk to him.  
Of course, her collegues are then absolutely convinced that said customer was her boyfriend...  

The difference is that 1) she tries to explain the truth, but is dissmissed because *why would she want to hide her brother from them* and 2) she acknowledges to herself that, yes, reacting this way was a *really stupid* thing to do and 3) THE CHARACTERS WERE ESTABLISHED AS LIKELY TO ACT THIS WAY",,,1620054422,{},gwsgvno,False,t3_mzn0fa,False,True,t1_gw5qdl2,/r/AskReddit/comments/mzn0fa/what_happens_in_movies_or_tv_that_seems_to_be/gwsgvno/,1620084878,1,True,False,AskReddit,t5_2qh1i,,0,[],,
[],,RickAstleysPetShrek,,,[],,,,text,t2_7ssr6vns,False,False,[],Cocaine,,,1620054421,{},gwsgvl0,False,t3_n3y649,False,True,t3_n3y649,/r/AskReddit/comments/n3y649/spongebob_fans_what_kind_of_secrets_do_you_think/gwsgvl0/,1620084877,1,True,False,AskReddit,t5_2qh1i,,0,[],,
[],,DanFlaylen,,,[],,,,text,t2_8c92mvzw,False,False,[],You seem harmless. Is this a trap?,,,1620054421,{},gwsgvkb,True,t3_n3xtv5,False,True,t1_gwseg5m,/r/AskReddit/comments/n3xtv5/how_would_you_complete_this_statementwe_have/gwsgvkb/,1620084876,2,True,False,AskReddit,t5_2qh1i,,0,[],,
[],,Neat-Court194,,,[],,,,text,t2_ansrhkvy,False,False,[],Yup.,,,1620054421,{},gwsgvk8,False,t3_n3lp2x,False,True,t1_gwru56d,/r/AskReddit/comments/n3lp2x/what_nsfw_question_have_you_always_wanted_to_ask/gwsgvk8/,1620084876,2,True,False,AskReddit,t5_2qh1i,,0,[],,
[],,kennesawking,,,[],,,,text,t2_z6do6,False,True,[],go peepee and poopoo,,,1620054420,{},gwsgvim,False,t3_n3mov8,False,True,t3_n3mov8,/r/AskReddit/comments/n3mov8/you_wake_up_and_its_june_1st_2019_again_what_is/gwsgvim/,1620084876,1,True,False,AskReddit,t5_2qh1i,,0,[],,
[],,john_paulII,,,[],,,,text,t2_15b1kv3p,False,False,[],I imagined it as shooting with AR15 in a library,,,1620054420,{},gwsgvi9,False,t3_n3usv0,False,True,t1_gwsahhj,/r/AskReddit/comments/n3usv0/what_movie_changes_the_plot_if_you_add_a_random_r/gwsgvi9/,1620084875,0,True,False,AskReddit,t5_2qh1i,,0,[],,
[],,Gamingbro124569,,,[],,,,text,t2_bbf8wahk,False,False,[],"I wouldn't care less. 
Who the fuck cares that you're cool or not",,,1620054420,{},gwsgvhl,False,t3_n3wnc8,False,True,t3_n3wnc8,/r/AskReddit/comments/n3wnc8/how_would_you_react_if_someone_told_you_that/gwsgvhl/,1620084875,1,True,False,AskReddit,t5_2qh1i,,0,[],,
[],,SalamiMommie,,,[],,,,text,t2_pup0lj1,False,False,[],I‚Äôve never had an issue with it .,,,1620054420,{},gwsgvhc,False,t3_n3lp2x,False,True,t1_gwro1cv,/r/AskReddit/comments/n3lp2x/what_nsfw_question_have_you_always_wanted_to_ask/gwsgvhc/,1620084875,1,True,False,AskReddit,t5_2qh1i,,0,[],,
[],,who-is-spagetty,,,[],,,,text,t2_5v0nw4ez,False,False,[],Saw two of my friends hanging outside the school and decided to join them we ended up walking to the convenience store to buy some candy and drinks I look over and see the two odly close together and kinda whispering to each other relies about 5 minuets later they were going on a date and I was the third wheel,,,1620054420,{},gwsgvh3,False,t3_n3x1oc,False,True,t3_n3x1oc,/r/AskReddit/comments/n3x1oc/people_of_reddit_whats_the_best_you_have_seen/gwsgvh3/,1620084875,1,True,False,AskReddit,t5_2qh1i,,0,[],,
[],,Stymee,,,[],,,,text,t2_pe8c1,False,False,[],Hookr,,,1620054419,{},gwsgvfs,False,t3_n3usv0,False,True,t3_n3usv0,/r/AskReddit/comments/n3usv0/what_movie_changes_the_plot_if_you_add_a_random_r/gwsgvfs/,1620084874,1,True,False,AskReddit,t5_2qh1i,,0,[],,
[],,Novaseerblyat,,,[],,,,text,t2_1qjfacw3,False,False,[],"Vektor - Terminal Redux.

Obligatory metal warning.",,,1620054419,{},gwsgvcw,False,t3_n3u4gh,False,True,t3_n3u4gh,/r/AskReddit/comments/n3u4gh/what_music_album_never_fails_to_impress_you_on/gwsgvcw/,1620084873,1,True,False,AskReddit,t5_2qh1i,,0,[],,
[],,Paging-Dr-Trollman,,,[],,,,text,t2_4r38kk24,False,False,[],I like the kind that likes me.,,,1620054419,{},gwsgvcv,False,t3_n3yc54,False,True,t3_n3yc54,/r/AskReddit/comments/n3yc54/males_of_reddit_how_did_you_find_out_what_kind_of/gwsgvcv/,1620084873,3,True,False,AskReddit,t5_2qh1i,,0,[],,
[],,MyGodImASlut,,,[],,,,text,t2_bu242vzo,False,False,[],Shakira,,,1620054418,{},gwsgvbo,False,t3_n3yean,False,True,t3_n3yean,/r/AskReddit/comments/n3yean/what_celebrities_athletes_or_famous_people_in/gwsgvbo/,1620084873,1,True,False,AskReddit,t5_2qh1i,,0,[],,
[],,redspeckled,,,[],,,,text,t2_arhll,False,False,[],Ice Rage,,,1620054418,{},gwsgvb6,False,t3_n3usv0,False,True,t3_n3usv0,/r/AskReddit/comments/n3usv0/what_movie_changes_the_plot_if_you_add_a_random_r/gwsgvb6/,1620084872,1,True,False,AskReddit,t5_2qh1i,,0,[],,
[],,Same-Cartographer488,,,[],,,,text,t2_74ayv6st,False,False,[],I don't know about that but under balls sweat is annoying,,,1620054418,{},gwsgvab,False,t3_n3lp2x,False,True,t1_gwryazu,/r/AskReddit/comments/n3lp2x/what_nsfw_question_have_you_always_wanted_to_ask/gwsgvab/,1620084872,2,True,False,AskReddit,t5_2qh1i,,0,[],,
[],,daveescaped,,,[],,,,text,t2_gnn5e,False,False,[],"Thunder Forcer.

Ramadeus

Why does an extra R make everything sound like porn?",,,1620054418,{},gwsgv9q,False,t3_n3usv0,False,True,t3_n3usv0,/r/AskReddit/comments/n3usv0/what_movie_changes_the_plot_if_you_add_a_random_r/gwsgv9q/,1620084872,1,True,False,AskReddit,t5_2qh1i,,0,[],,
[],,WingsofRain,,,[],,,,text,t2_4yxti6qx,False,False,[],"oof, that sucks I‚Äôm sorry",,,1620054417,{},gwsgv9i,False,t3_n3lp2x,False,True,t1_gwsgtar,/r/AskReddit/comments/n3lp2x/what_nsfw_question_have_you_always_wanted_to_ask/gwsgv9i/,1620084872,2,True,False,AskReddit,t5_2qh1i,,0,[],,
[],,[deleted],,,,,,dark,,,,,[],[deleted],,,1620054417,{},gwsgv9d,False,t3_n3yaqo,False,True,t1_gwsge4x,/r/AskReddit/comments/n3yaqo/what_is_the_most_annoying_subreddit_on_reddit/gwsgv9d/,1620084872,1,True,False,AskReddit,t5_2qh1i,,0,[],,
[],,donotholdyourbreath,,,[],,,,text,t2_mztn6r8,False,True,[],It's more expensive to make penny then what it is valued lol,,,1620054417,{},gwsgv9c,False,t3_n3hk94,False,False,t1_gwsb1fs,/r/AskReddit/comments/n3hk94/has_anyone_wrongfully_assumed_you_were_dumb_and/gwsgv9c/,1620084872,8,True,False,AskReddit,t5_2qh1i,,0,[],,
[],,LegoFan12345,,,[],,,,text,t2_4dr2rwks,False,False,[],Forrest Grump,,,1620054417,{},gwsgv7k,False,t3_n3usv0,False,True,t3_n3usv0,/r/AskReddit/comments/n3usv0/what_movie_changes_the_plot_if_you_add_a_random_r/gwsgv7k/,1620084871,1,True,False,AskReddit,t5_2qh1i,,0,[],,
"[{'award_sub_type': 'GLOBAL', 'award_type': 'global', 'awardings_required_to_grant_benefits': None, 'coin_price': 80, 'coin_reward': 0, 'count': 1, 'days_of_drip_extension': 0, 'days_of_premium': 0, 'description': 'Everything is better with a good hug', 'end_date': None, 'giver_coin_reward': 0, 'icon_format': 'PNG', 'icon_height': 2048, 'icon_url': 'https://i.redd.it/award_images/t5_q0gj4/ks45ij6w05f61_oldHugz.png', 'icon_width': 2048, 'id': 'award_8352bdff-3e03-4189-8a08-82501dd8f835', 'is_enabled': True, 'is_new': False, 'name': 'Hugz', 'penny_donate': 0, 'penny_price': 0, 'resized_icons': [{'height': 16, 'url': 'https://preview.redd.it/award_images/t5_q0gj4/ks45ij6w05f61_oldHugz.png?width=16&amp;height=16&amp;auto=webp&amp;s=73a23bf7f08b633508dedf457f2704c522b94a04', 'width': 16}, {'height': 32, 'url': 'https://preview.redd.it/award_images/t5_q0gj4/ks45ij6w05f61_oldHugz.png?width=32&amp;height=32&amp;auto=webp&amp;s=50f2f16e71d2929e3d7275060af3ad6b851dbfb1', 'width': 32}, {'height': 48, 'url': 'https://preview.redd.it/award_images/t5_q0gj4/ks45ij6w05f61_oldHugz.png?width=48&amp;height=48&amp;auto=webp&amp;s=ca487311563425e195699a4d7e4c57a98cbfde8b', 'width': 48}, {'height': 64, 'url': 'https://preview.redd.it/award_images/t5_q0gj4/ks45ij6w05f61_oldHugz.png?width=64&amp;height=64&amp;auto=webp&amp;s=7b4eedcffb1c09a826e7837532c52979760f1d2b', 'width': 64}, {'height': 128, 'url': 'https://preview.redd.it/award_images/t5_q0gj4/ks45ij6w05f61_oldHugz.png?width=128&amp;height=128&amp;auto=webp&amp;s=e4d5ab237eb71a9f02bb3bf9ad5ee43741918d6c', 'width': 128}], 'resized_static_icons': [{'height': 16, 'url': 'https://preview.redd.it/award_images/t5_q0gj4/fpm0r5ryq1361_PolarHugs.png?width=16&amp;height=16&amp;auto=webp&amp;s=69997ace3ef4ffc099b81d774c2c8f1530602875', 'width': 16}, {'height': 32, 'url': 'https://preview.redd.it/award_images/t5_q0gj4/fpm0r5ryq1361_PolarHugs.png?width=32&amp;height=32&amp;auto=webp&amp;s=e9519d1999ef9dce5c8a9f59369cb92f52d95319', 'width': 32}, {'height': 48, 'url': 'https://preview.redd.it/award_images/t5_q0gj4/fpm0r5ryq1361_PolarHugs.png?width=48&amp;height=48&amp;auto=webp&amp;s=f076c6434fb2d2f9075991810fd845c40fa73fc6', 'width': 48}, {'height': 64, 'url': 'https://preview.redd.it/award_images/t5_q0gj4/fpm0r5ryq1361_PolarHugs.png?width=64&amp;height=64&amp;auto=webp&amp;s=85527145e0c4b754306a30df29e584fd16187636', 'width': 64}, {'height': 128, 'url': 'https://preview.redd.it/award_images/t5_q0gj4/fpm0r5ryq1361_PolarHugs.png?width=128&amp;height=128&amp;auto=webp&amp;s=b8843cdf82c3b741d7af057c14076dcd2621e811', 'width': 128}], 'start_date': None, 'static_icon_height': 2048, 'static_icon_url': 'https://i.redd.it/award_images/t5_q0gj4/fpm0r5ryq1361_PolarHugs.png', 'static_icon_width': 2048, 'subreddit_coin_reward': 0, 'subreddit_id': None, 'tiers_by_required_awardings': None}]",,ripntearuntilitsdone,,,[],,,,text,t2_7edie9bi,False,False,[],Whichever one has the tightest hole,,,1620054417,{},gwsgv7b,False,t3_n3ye4m,False,True,t3_n3ye4m,/r/AskReddit/comments/n3ye4m/if_you_could_have_any_pok√©mon_which_would_you/gwsgv7b/,1620084871,0,True,False,AskReddit,t5_2qh1i,,1,[],,
[],,mandatorypanda9317,,,[],,,,text,t2_2cax2ov1,False,True,[],Ngl this would have broken my heart lmao he's one of my favorites,,,1620054416,{},gwsgv6i,False,t3_n3e501,False,False,t1_gwpwmjz,/r/AskReddit/comments/n3e501/which_celebrity_has_blocked_you_on_social_media/gwsgv6i/,1620084870,3,True,False,AskReddit,t5_2qh1i,,0,[],,
[],,Astronomian,,,[],,,,text,t2_4i79dyve,False,False,[],"We had a substitute teacher in 3rd grade that filled out almost the entire note sheet (something about area and perimeter, I think) incorrectly. Every time I tried to say that it was a 1√ó1 square, she just said ""but that's not a rectangle."" A rectangle is a 4-sided shape with two pairs of parallel lines and all congruent angles. Squares are rectangles. It still frustrates me today.",,,1620054416,{},gwsgv5b,False,t3_n3hk94,False,False,t1_gwqpkjv,/r/AskReddit/comments/n3hk94/has_anyone_wrongfully_assumed_you_were_dumb_and/gwsgv5b/,1620084870,1,True,False,AskReddit,t5_2qh1i,,0,[],,
[],,Kiyomondo,,,[],,,,text,t2_1785m6,False,False,[],"If we're in a relationship, I'll give you pointers on how to improve the pizza. Also show you how I like to cook it and give you a taste so we can compare and figure out what we both enjoy. 

If it's a one-off dinner date and I'm never going to see you again, or if I've told you time and time again that I don't like your pizza or that it would be better if we tried *this* or *that* instead but you still stubbornly insist on preparing it the exact same way every time, I'm gonna fake satisfaction on my way out the door.",,,1620054416,{},gwsgv40,False,t3_n3lp2x,False,False,t1_gwsfxue,/r/AskReddit/comments/n3lp2x/what_nsfw_question_have_you_always_wanted_to_ask/gwsgv40/,1620084870,4,True,False,AskReddit,t5_2qh1i,,0,[],,
[],,origamiturtles,,,[],,,,text,t2_3g6y2axk,False,False,[],"Yup. My partner‚Äôs butt is one of my fave things about him. Good shape, nice feel, good to smack (gently). 10/10 booty.",,,1620054415,{},gwsgv1l,False,t3_n3lp2x,False,True,t1_gwr8jt7,/r/AskReddit/comments/n3lp2x/what_nsfw_question_have_you_always_wanted_to_ask/gwsgv1l/,1620084869,1,True,False,AskReddit,t5_2qh1i,,0,[],,
[],,Chalkernaut,,,[],,,,text,t2_55mu8kfj,False,False,[],I got a job today,,,1620054415,{},gwsgv0m,False,t3_n3lp2x,False,False,t1_gwrzgjq,/r/AskReddit/comments/n3lp2x/what_nsfw_question_have_you_always_wanted_to_ask/gwsgv0m/,1620084869,5,True,False,AskReddit,t5_2qh1i,,0,[],,
[],,Philtato44,,,[],,,,text,t2_2t2sac63,False,False,[],How can I forget Mkto,,,1620054415,{},gwsgv0k,False,t3_n3hftj,False,True,t3_n3hftj,/r/AskReddit/comments/n3hftj/what_song_do_you_currently_have_stuck_in_your_head/gwsgv0k/,1620084869,1,True,False,AskReddit,t5_2qh1i,,0,[],,
[],,KittenSample,,,[],,,,text,t2_b2mzgwuy,False,True,[],"Every manager I had that was a recent promotion were super cool, and I don't mean in a ""they let us get away with everything"" type of way, but in an actual empathetic, treat us like human beings with actual emotions type of way. Every manager that had been in that position for 5+ years however were horrible shells of human beings that seemed to assume the worst about everyone, including the 15 - 16 year olds we would have work with us after school. I've heard managers tell teenage employees that their McJob should come before their school and call the kids entitled and lazy for asking for less hours during finals week, even though they advertised the position as flexible to get students interested in the first place.

Like sure, many teenagers are entitled brats, but the entitled brats aren't the ones working 30 hours at fast food a week while going to school full time. Ugh I hate when people shit on younger generations like that - these kids were good kids doing everything right and they still got labeled lazy and entitled by crotchety old managers.",,,1620054415,{},gwsgv0e,False,t3_n3dyvn,False,False,t1_gws7a9f,/r/AskReddit/comments/n3dyvn/employees_of_mcdonalds_what_secrets_did_you/gwsgv0e/,1620084869,3,True,False,AskReddit,t5_2qh1i,,0,[],,
[],,Eye_For_An_Ego,,,[],,,,text,t2_4qas41g5,False,False,[],Trial and error.,,,1620054414,{},gwsguxo,False,t3_n3yc54,False,False,t3_n3yc54,/r/AskReddit/comments/n3yc54/males_of_reddit_how_did_you_find_out_what_kind_of/gwsguxo/,1620084867,4,True,False,AskReddit,t5_2qh1i,,0,[],,
[],,qweenofwands,,,[],,,,text,t2_1irygb1n,False,False,[],Fuck no. That would just be another form of masturbation. I like to suck on my nipples--does that make me a lesbian?,,,1620054414,{},gwsguxn,False,t3_n3lp2x,False,True,t1_gwsgoa5,/r/AskReddit/comments/n3lp2x/what_nsfw_question_have_you_always_wanted_to_ask/gwsguxn/,1620084867,3,True,False,AskReddit,t5_2qh1i,,0,[],,
[],,ClittoryHinton,,,[],,,,text,t2_11oqv9,False,False,[],"Jeff honestly isn‚Äôt great, but definitely doesn‚Äôt deserve Dillon level hate.",,,1620054414,{},gwsgux9,False,t3_n3tpxs,False,True,t1_gwrslky,/r/AskReddit/comments/n3tpxs/what_doesnt_need_the_hate_it_gets/gwsgux9/,1620084867,2,True,False,AskReddit,t5_2qh1i,,0,[],,
[],,Gerbal_Annihilation,,,[],,,,text,t2_2k2y1ogw,False,False,[],It feels like if you have ever put a vacuum on your lips. The sensitive tissue is being stretched and pulled and needs relief.,,,1620054413,{},gwsguwq,False,t3_n3lp2x,False,False,t1_gwrxbrr,/r/AskReddit/comments/n3lp2x/what_nsfw_question_have_you_always_wanted_to_ask/gwsguwq/,1620084866,7,True,False,AskReddit,t5_2qh1i,,0,[],,
[],,somuthorzard,,,[],,,,text,t2_39n1kexd,False,False,[],Pulp Friction,,,1620054413,{},gwsguvp,False,t3_n3usv0,False,True,t3_n3usv0,/r/AskReddit/comments/n3usv0/what_movie_changes_the_plot_if_you_add_a_random_r/gwsguvp/,1620084866,1,True,False,AskReddit,t5_2qh1i,,0,[],,
[],,fjall_persika,,,[],,,,text,t2_7x1ex6dl,False,False,[],"Watching fictional characters in TV/Film during childhood, I seemed to gravitate to the same kind of look and archetypal character.",,,1620054413,{},gwsguvn,False,t3_n3yc54,False,True,t3_n3yc54,/r/AskReddit/comments/n3yc54/males_of_reddit_how_did_you_find_out_what_kind_of/gwsguvn/,1620084866,1,True,False,AskReddit,t5_2qh1i,,0,[],,
[],,Difficult-Alarm-2816,,,[],,,,text,t2_7uc79hf7,False,False,[],It‚Äôs supposed to be after ten years or so.,,,1620054413,{},gwsgutg,False,t3_n3lp2x,False,True,t1_gwsg1ma,/r/AskReddit/comments/n3lp2x/what_nsfw_question_have_you_always_wanted_to_ask/gwsgutg/,1620084865,2,True,False,AskReddit,t5_2qh1i,,0,[],,
[],,lexis888,,,[],,,,text,t2_1o7o5wgf,False,False,[],Bartman,,,1620054412,{},gwsgutc,False,t3_n3usv0,False,True,t3_n3usv0,/r/AskReddit/comments/n3usv0/what_movie_changes_the_plot_if_you_add_a_random_r/gwsgutc/,1620084865,1,True,False,AskReddit,t5_2qh1i,,0,[],,
[],,thenerdguy08,,,[],,,,text,t2_bbbgve5k,False,False,[],great guy but still shitty,,,1620054412,{},gwsguqk,True,t3_n3py39,False,True,t1_gwr96og,/r/AskReddit/comments/n3py39/who_is_the_most_worst_teacher_in_school_and/gwsguqk/,1620084864,1,True,False,AskReddit,t5_2qh1i,,0,[],,
[],,PunishedHotdog,,,[],,,,text,t2_bb07m1ss,False,False,[],"Get over it, man.",,,1620054412,{},gwsguqi,False,t3_n3y1qz,False,True,t1_gwsfw1n,/r/AskReddit/comments/n3y1qz/whats_a_bad_habit_that_honestly_isnt_really_that/gwsguqi/,1620084864,1,True,False,AskReddit,t5_2qh1i,,0,[],,
[],,Pc-Genie,,,[],,,,text,t2_g11y6m,False,False,[],Is that a thing? Why does it offer gift cards?,,,1620054411,{},gwsgup8,False,t3_n3x2i1,False,True,t1_gwsa0df,/r/AskReddit/comments/n3x2i1/what_would_be_the_creepiest_gift_card_to_give/gwsgup8/,1620084864,1,True,False,AskReddit,t5_2qh1i,,0,[],,
[],,The_Homie_J,,,[],,,,text,t2_rbq4u,False,False,[],Dr Steve Brule loves Bratman cuz he's such a hunk!  Fur yer health!,,,1620054411,{},gwsguol,False,t3_n3usv0,False,True,t1_gwrxyue,/r/AskReddit/comments/n3usv0/what_movie_changes_the_plot_if_you_add_a_random_r/gwsguol/,1620084863,1,True,False,AskReddit,t5_2qh1i,,0,[],,
[],,satyamas,,,[],,,,text,t2_1kahv70a,False,False,[],SHAZAM!,,,1620054411,{},gwsguns,False,t3_n3wtb2,False,True,t3_n3wtb2,/r/AskReddit/comments/n3wtb2/you_are_on_electric_chair_what_are_your_final/gwsguns/,1620084863,1,True,False,AskReddit,t5_2qh1i,,0,[],,
[],,UnoriginalName002,,,[],,,,text,t2_4zmkidir,False,False,[],Mario Kart DS fr me,,,1620054411,{},gwsgunh,False,t3_n3r1pl,False,False,t1_gwrcwxq,/r/AskReddit/comments/n3r1pl/what_was_your_first_video_game_ever_played/gwsgunh/,1620084863,3,True,False,AskReddit,t5_2qh1i,,0,[],,
[],,Anko_Dango,,,[],,,,text,t2_47dy8bo7,False,False,[],Bartman Begins,,,1620054411,{},gwsgunf,False,t3_n3usv0,False,True,t3_n3usv0,/r/AskReddit/comments/n3usv0/what_movie_changes_the_plot_if_you_add_a_random_r/gwsgunf/,1620084863,1,True,False,AskReddit,t5_2qh1i,,0,[],,
[],,takeyouraxeandhack,,,[],,,,text,t2_a61lp,False,False,[],Imagine if peeing after sex was followed by foam and fumes. Sometimes it does feel like that tho',,,1620054410,{},gwsgum2,False,t3_n3lp2x,False,False,t1_gwsd8jc,/r/AskReddit/comments/n3lp2x/what_nsfw_question_have_you_always_wanted_to_ask/gwsgum2/,1620084862,110,True,False,AskReddit,t5_2qh1i,,0,[],,
[],,deedeeb7,,,[],,,,text,t2_bw6femr8,False,False,[],"Making it very well known that they hated each other. Was not allowed to even mention step parents or half siblings names in front of father or the visit was ruined. Having little digs about how I looked for example big nose, spotty etc as a joke.Has given me a complex as I grew up. On the plus side I would never do this to my own children.",,,1620054410,{},gwsgum1,False,t3_n3v455,False,False,t3_n3v455,/r/AskReddit/comments/n3v455/what_was_your_parents_biggest_mistake_in_raising/gwsgum1/,1620084862,4,True,False,AskReddit,t5_2qh1i,,0,[],,
[],,DangoBlitzkrieg,,,[],,,,text,t2_33zamo5t,False,False,[],"So that when the animal dies, we can eat it. What did you think it's for?",,,1620054410,{},gwsgujg,False,t3_n29moe,False,False,t1_gws0rp5,/r/AskReddit/comments/n29moe/what_is_a_totally_wrong_thing_that_has_become_so/gwsgujg/,1620084861,1,True,False,AskReddit,t5_2qh1i,,0,[],,
